case,variant,outcome,accepted,content_correct,active_generation_honored,decoded
order-000,content-latest,correct,1,1,0,1;1;1;1;1;1;1;1
order-000,attempt-latest,correct,1,1,0,1;1;1;1;1;1;1;1
order-000,pinned-latest,reject,0,0,0,
order-000,immutable-pinned,correct,1,1,1,1;1;1;1;1;1;1;1
order-001,content-latest,correct,1,1,0,1;1;1;1;1;1;1;1
order-001,attempt-latest,correct,1,1,0,1;1;1;1;1;1;1;1
order-001,pinned-latest,reject,0,0,0,
order-001,immutable-pinned,correct,1,1,1,1;1;1;1;1;1;1;1
order-002,content-latest,correct,1,1,0,1;1;1;1;1;1;1;1
order-002,attempt-latest,correct,1,1,0,1;1;1;1;1;1;1;1
order-002,pinned-latest,reject,0,0,0,
order-002,immutable-pinned,correct,1,1,1,1;1;1;1;1;1;1;1
order-003,content-latest,correct,1,1,0,1;1;1;1;1;1;1;1
order-003,attempt-latest,correct,1,1,0,1;1;1;1;1;1;1;1
order-003,pinned-latest,reject,0,0,0,
order-003,immutable-pinned,correct,1,1,1,1;1;1;1;1;1;1;1
order-004,content-latest,correct,1,1,0,1;1;1;1;1;1;1;1
order-004,attempt-latest,correct,1,1,0,1;1;1;1;1;1;1;1
order-004,pinned-latest,reject,0,0,0,
order-004,immutable-pinned,correct,1,1,1,1;1;1;1;1;1;1;1
order-005,content-latest,correct,1,1,0,1;1;1;1;1;1;1;1
order-005,attempt-latest,correct,1,1,0,1;1;1;1;1;1;1;1
order-005,pinned-latest,reject,0,0,0,
order-005,immutable-pinned,correct,1,1,1,1;1;1;1;1;1;1;1
order-006,content-latest,correct,1,1,0,1;1;1;1;1;1;1;1
order-006,attempt-latest,correct,1,1,0,1;1;1;1;1;1;1;1
order-006,pinned-latest,reject,0,0,0,
order-006,immutable-pinned,correct,1,1,1,1;1;1;1;1;1;1;1
order-007,content-latest,correct,1,1,0,1;1;1;1;1;1;1;1
order-007,attempt-latest,correct,1,1,0,1;1;1;1;1;1;1;1
order-007,pinned-latest,reject,0,0,0,
order-007,immutable-pinned,correct,1,1,1,1;1;1;1;1;1;1;1
order-008,content-latest,correct,1,1,0,1;1;1;1;1;1;1;1
order-008,attempt-latest,correct,1,1,0,1;1;1;1;1;1;1;1
order-008,pinned-latest,reject,0,0,0,
order-008,immutable-pinned,correct,1,1,1,1;1;1;1;1;1;1;1
order-009,content-latest,wrong,1,0,0,4;4;4;4;4;4;4;4
order-009,attempt-latest,wrong,1,0,0,4;4;4;4;4;4;4;4
order-009,pinned-latest,reject,0,0,0,
order-009,immutable-pinned,correct,1,1,1,1;1;1;1;1;1;1;1
order-010,content-latest,wrong,1,0,0,4;4;4;4;4;4;4;4
order-010,attempt-latest,wrong,1,0,0,4;4;4;4;4;4;4;4
order-010,pinned-latest,reject,0,0,0,
order-010,immutable-pinned,correct,1,1,1,1;1;1;1;1;1;1;1
order-011,content-latest,wrong,1,0,0,4;4;4;4;4;4;4;4
order-011,attempt-latest,wrong,1,0,0,4;4;4;4;4;4;4;4
order-011,pinned-latest,reject,0,0,0,
order-011,immutable-pinned,correct,1,1,1,1;1;1;1;1;1;1;1
order-012,content-latest,correct,1,1,0,1;1;1;1;1;1;1;1
order-012,attempt-latest,correct,1,1,0,1;1;1;1;1;1;1;1
order-012,pinned-latest,reject,0,0,0,
order-012,immutable-pinned,correct,1,1,1,1;1;1;1;1;1;1;1
order-013,content-latest,correct,1,1,0,1;1;1;1;1;1;1;1
order-013,attempt-latest,correct,1,1,0,1;1;1;1;1;1;1;1
order-013,pinned-latest,reject,0,0,0,
order-013,immutable-pinned,correct,1,1,1,1;1;1;1;1;1;1;1
order-014,content-latest,correct,1,1,0,1;1;1;1;1;1;1;1
order-014,attempt-latest,correct,1,1,0,1;1;1;1;1;1;1;1
order-014,pinned-latest,reject,0,0,0,
order-014,immutable-pinned,correct,1,1,1,1;1;1;1;1;1;1;1
order-015,content-latest,wrong,1,0,0,4;4;4;4;4;4;4;4
order-015,attempt-latest,wrong,1,0,0,4;4;4;4;4;4;4;4
order-015,pinned-latest,reject,0,0,0,
order-015,immutable-pinned,correct,1,1,1,1;1;1;1;1;1;1;1
order-016,content-latest,wrong,1,0,0,4;4;4;4;4;4;4;4
order-016,attempt-latest,wrong,1,0,0,4;4;4;4;4;4;4;4
order-016,pinned-latest,reject,0,0,0,
order-016,immutable-pinned,correct,1,1,1,1;1;1;1;1;1;1;1
order-017,content-latest,wrong,1,0,0,4;4;4;4;4;4;4;4
order-017,attempt-latest,wrong,1,0,0,4;4;4;4;4;4;4;4
order-017,pinned-latest,reject,0,0,0,
order-017,immutable-pinned,correct,1,1,1,1;1;1;1;1;1;1;1
order-018,content-latest,wrong,1,0,0,4;4;4;4;4;4;4;4
order-018,attempt-latest,wrong,1,0,0,4;4;4;4;4;4;4;4
order-018,pinned-latest,reject,0,0,0,
order-018,immutable-pinned,correct,1,1,1,1;1;1;1;1;1;1;1
order-019,content-latest,wrong,1,0,0,4;4;4;4;4;4;4;4
order-019,attempt-latest,wrong,1,0,0,4;4;4;4;4;4;4;4
order-019,pinned-latest,reject,0,0,0,
order-019,immutable-pinned,correct,1,1,1,1;1;1;1;1;1;1;1
order-020,content-latest,wrong,1,0,0,4;4;4;4;4;4;4;4
order-020,attempt-latest,wrong,1,0,0,4;4;4;4;4;4;4;4
order-020,pinned-latest,reject,0,0,0,
order-020,immutable-pinned,correct,1,1,1,1;1;1;1;1;1;1;1
order-021,content-latest,wrong,1,0,0,4;4;4;4;4;4;4;4
order-021,attempt-latest,wrong,1,0,0,4;4;4;4;4;4;4;4
order-021,pinned-latest,reject,0,0,0,
order-021,immutable-pinned,correct,1,1,1,1;1;1;1;1;1;1;1
order-022,content-latest,wrong,1,0,0,4;4;4;4;4;4;4;4
order-022,attempt-latest,wrong,1,0,0,4;4;4;4;4;4;4;4
order-022,pinned-latest,reject,0,0,0,
order-022,immutable-pinned,correct,1,1,1,1;1;1;1;1;1;1;1
order-023,content-latest,wrong,1,0,0,4;4;4;4;4;4;4;4
order-023,attempt-latest,wrong,1,0,0,4;4;4;4;4;4;4;4
order-023,pinned-latest,reject,0,0,0,
order-023,immutable-pinned,correct,1,1,1,1;1;1;1;1;1;1;1
order-024,content-latest,correct,1,1,0,1;1;1;1;1;1;1;1
order-024,attempt-latest,correct,1,1,0,1;1;1;1;1;1;1;1
order-024,pinned-latest,reject,0,0,0,
order-024,immutable-pinned,correct,1,1,1,1;1;1;1;1;1;1;1
order-025,content-latest,correct,1,1,0,1;1;1;1;1;1;1;1
order-025,attempt-latest,correct,1,1,0,1;1;1;1;1;1;1;1
order-025,pinned-latest,reject,0,0,0,
order-025,immutable-pinned,correct,1,1,1,1;1;1;1;1;1;1;1
order-026,content-latest,correct,1,1,0,1;1;1;1;1;1;1;1
order-026,attempt-latest,correct,1,1,0,1;1;1;1;1;1;1;1
order-026,pinned-latest,reject,0,0,0,
order-026,immutable-pinned,correct,1,1,1,1;1;1;1;1;1;1;1
order-027,content-latest,correct,1,1,0,1;1;1;1;1;1;1;1
order-027,attempt-latest,correct,1,1,0,1;1;1;1;1;1;1;1
order-027,pinned-latest,reject,0,0,0,
order-027,immutable-pinned,correct,1,1,1,1;1;1;1;1;1;1;1
order-028,content-latest,correct,1,1,0,1;1;1;1;1;1;1;1
order-028,attempt-latest,correct,1,1,0,1;1;1;1;1;1;1;1
order-028,pinned-latest,reject,0,0,0,
order-028,immutable-pinned,correct,1,1,1,1;1;1;1;1;1;1;1
order-029,content-latest,correct,1,1,0,1;1;1;1;1;1;1;1
order-029,attempt-latest,correct,1,1,0,1;1;1;1;1;1;1;1
order-029,pinned-latest,reject,0,0,0,
order-029,immutable-pinned,correct,1,1,1,1;1;1;1;1;1;1;1
order-030,content-latest,correct,1,1,0,1;1;1;1;1;1;1;1
order-030,attempt-latest,correct,1,1,0,1;1;1;1;1;1;1;1
order-030,pinned-latest,reject,0,0,0,
order-030,immutable-pinned,correct,1,1,1,1;1;1;1;1;1;1;1
order-031,content-latest,correct,1,1,0,1;1;1;1;1;1;1;1
order-031,attempt-latest,correct,1,1,0,1;1;1;1;1;1;1;1
order-031,pinned-latest,reject,0,0,0,
order-031,immutable-pinned,correct,1,1,1,1;1;1;1;1;1;1;1
order-032,content-latest,wrong,1,0,0,100;100;100;100;100;100;100;100
order-032,attempt-latest,wrong,1,0,0,100;100;100;100;100;100;100;100
order-032,pinned-latest,reject,0,0,0,
order-032,immutable-pinned,correct,1,1,1,1;1;1;1;1;1;1;1
order-033,content-latest,wrong,1,0,0,100;100;100;100;100;100;100;100
order-033,attempt-latest,wrong,1,0,0,100;100;100;100;100;100;100;100
order-033,pinned-latest,reject,0,0,0,
order-033,immutable-pinned,correct,1,1,1,1;1;1;1;1;1;1;1
order-034,content-latest,correct,1,1,0,1;1;1;1;1;1;1;1
order-034,attempt-latest,correct,1,1,0,1;1;1;1;1;1;1;1
order-034,pinned-latest,reject,0,0,0,
order-034,immutable-pinned,correct,1,1,1,1;1;1;1;1;1;1;1
order-035,content-latest,wrong,1,0,0,100;100;100;100;100;100;100;100
order-035,attempt-latest,wrong,1,0,0,100;100;100;100;100;100;100;100
order-035,pinned-latest,reject,0,0,0,
order-035,immutable-pinned,correct,1,1,1,1;1;1;1;1;1;1;1
order-036,content-latest,wrong,1,0,0,100;100;100;100;100;100;100;100
order-036,attempt-latest,wrong,1,0,0,100;100;100;100;100;100;100;100
order-036,pinned-latest,reject,0,0,0,
order-036,immutable-pinned,correct,1,1,1,1;1;1;1;1;1;1;1
order-037,content-latest,wrong,1,0,0,100;100;100;100;100;100;100;100
order-037,attempt-latest,wrong,1,0,0,100;100;100;100;100;100;100;100
order-037,pinned-latest,reject,0,0,0,
order-037,immutable-pinned,correct,1,1,1,1;1;1;1;1;1;1;1
order-038,content-latest,wrong,1,0,0,100;100;100;100;100;100;100;100
order-038,attempt-latest,wrong,1,0,0,100;100;100;100;100;100;100;100
order-038,pinned-latest,reject,0,0,0,
order-038,immutable-pinned,correct,1,1,1,1;1;1;1;1;1;1;1
order-039,content-latest,wrong,1,0,0,100;100;100;100;100;100;100;100
order-039,attempt-latest,wrong,1,0,0,100;100;100;100;100;100;100;100
order-039,pinned-latest,reject,0,0,0,
order-039,immutable-pinned,correct,1,1,1,1;1;1;1;1;1;1;1
order-040,content-latest,wrong,1,0,0,100;100;100;100;100;100;100;100
order-040,attempt-latest,wrong,1,0,0,100;100;100;100;100;100;100;100
order-040,pinned-latest,reject,0,0,0,
order-040,immutable-pinned,correct,1,1,1,1;1;1;1;1;1;1;1
order-041,content-latest,wrong,1,0,0,100;100;100;100;100;100;100;100
order-041,attempt-latest,wrong,1,0,0,100;100;100;100;100;100;100;100
order-041,pinned-latest,reject,0,0,0,
order-041,immutable-pinned,correct,1,1,1,1;1;1;1;1;1;1;1
order-042,content-latest,correct,1,1,0,1;1;1;1;1;1;1;1
order-042,attempt-latest,correct,1,1,0,1;1;1;1;1;1;1;1
order-042,pinned-latest,reject,0,0,0,
order-042,immutable-pinned,correct,1,1,1,1;1;1;1;1;1;1;1
order-043,content-latest,correct,1,1,0,1;1;1;1;1;1;1;1
order-043,attempt-latest,correct,1,1,0,1;1;1;1;1;1;1;1
order-043,pinned-latest,reject,0,0,0,
order-043,immutable-pinned,correct,1,1,1,1;1;1;1;1;1;1;1
order-044,content-latest,correct,1,1,0,1;1;1;1;1;1;1;1
order-044,attempt-latest,correct,1,1,0,1;1;1;1;1;1;1;1
order-044,pinned-latest,reject,0,0,0,
order-044,immutable-pinned,correct,1,1,1,1;1;1;1;1;1;1;1
order-045,content-latest,wrong,1,0,0,100;100;100;100;100;100;100;100
order-045,attempt-latest,wrong,1,0,0,100;100;100;100;100;100;100;100
order-045,pinned-latest,reject,0,0,0,
order-045,immutable-pinned,correct,1,1,1,1;1;1;1;1;1;1;1
order-046,content-latest,wrong,1,0,0,100;100;100;100;100;100;100;100
order-046,attempt-latest,wrong,1,0,0,100;100;100;100;100;100;100;100
order-046,pinned-latest,reject,0,0,0,
order-046,immutable-pinned,correct,1,1,1,1;1;1;1;1;1;1;1
order-047,content-latest,wrong,1,0,0,100;100;100;100;100;100;100;100
order-047,attempt-latest,wrong,1,0,0,100;100;100;100;100;100;100;100
order-047,pinned-latest,reject,0,0,0,
order-047,immutable-pinned,correct,1,1,1,1;1;1;1;1;1;1;1
order-048,content-latest,correct,1,1,0,1;1;1;1;1;1;1;1
order-048,attempt-latest,correct,1,1,0,1;1;1;1;1;1;1;1
order-048,pinned-latest,reject,0,0,0,
order-048,immutable-pinned,correct,1,1,1,1;1;1;1;1;1;1;1
order-049,content-latest,correct,1,1,0,1;1;1;1;1;1;1;1
order-049,attempt-latest,correct,1,1,0,1;1;1;1;1;1;1;1
order-049,pinned-latest,reject,0,0,0,
order-049,immutable-pinned,correct,1,1,1,1;1;1;1;1;1;1;1
order-050,content-latest,correct,1,1,0,1;1;1;1;1;1;1;1
order-050,attempt-latest,correct,1,1,0,1;1;1;1;1;1;1;1
order-050,pinned-latest,reject,0,0,0,
order-050,immutable-pinned,correct,1,1,1,1;1;1;1;1;1;1;1
order-051,content-latest,wrong,1,0,0,4;4;4;4;4;4;4;4
order-051,attempt-latest,wrong,1,0,0,4;4;4;4;4;4;4;4
order-051,pinned-latest,reject,0,0,0,
order-051,immutable-pinned,correct,1,1,1,1;1;1;1;1;1;1;1
order-052,content-latest,wrong,1,0,0,4;4;4;4;4;4;4;4
order-052,attempt-latest,wrong,1,0,0,4;4;4;4;4;4;4;4
order-052,pinned-latest,reject,0,0,0,
order-052,immutable-pinned,correct,1,1,1,1;1;1;1;1;1;1;1
order-053,content-latest,wrong,1,0,0,4;4;4;4;4;4;4;4
order-053,attempt-latest,wrong,1,0,0,4;4;4;4;4;4;4;4
order-053,pinned-latest,reject,0,0,0,
order-053,immutable-pinned,correct,1,1,1,1;1;1;1;1;1;1;1
order-054,content-latest,correct,1,1,0,1;1;1;1;1;1;1;1
order-054,attempt-latest,correct,1,1,0,1;1;1;1;1;1;1;1
order-054,pinned-latest,reject,0,0,0,
order-054,immutable-pinned,correct,1,1,1,1;1;1;1;1;1;1;1
order-055,content-latest,correct,1,1,0,1;1;1;1;1;1;1;1
order-055,attempt-latest,correct,1,1,0,1;1;1;1;1;1;1;1
order-055,pinned-latest,reject,0,0,0,
order-055,immutable-pinned,correct,1,1,1,1;1;1;1;1;1;1;1
order-056,content-latest,wrong,1,0,0,100;100;100;100;100;100;100;100
order-056,attempt-latest,wrong,1,0,0,100;100;100;100;100;100;100;100
order-056,pinned-latest,reject,0,0,0,
order-056,immutable-pinned,correct,1,1,1,1;1;1;1;1;1;1;1
order-057,content-latest,wrong,1,0,0,100;100;100;100;100;100;100;100
order-057,attempt-latest,wrong,1,0,0,100;100;100;100;100;100;100;100
order-057,pinned-latest,reject,0,0,0,
order-057,immutable-pinned,correct,1,1,1,1;1;1;1;1;1;1;1
order-058,content-latest,correct,1,1,0,1;1;1;1;1;1;1;1
order-058,attempt-latest,correct,1,1,0,1;1;1;1;1;1;1;1
order-058,pinned-latest,reject,0,0,0,
order-058,immutable-pinned,correct,1,1,1,1;1;1;1;1;1;1;1
order-059,content-latest,wrong,1,0,0,100;100;100;100;100;100;100;100
order-059,attempt-latest,wrong,1,0,0,100;100;100;100;100;100;100;100
order-059,pinned-latest,reject,0,0,0,
order-059,immutable-pinned,correct,1,1,1,1;1;1;1;1;1;1;1
order-060,content-latest,wrong,1,0,0,100;100;100;100;100;100;100;100
order-060,attempt-latest,wrong,1,0,0,100;100;100;100;100;100;100;100
order-060,pinned-latest,reject,0,0,0,
order-060,immutable-pinned,correct,1,1,1,1;1;1;1;1;1;1;1
order-061,content-latest,wrong,1,0,0,2;2;2;2;2;2;2;2
order-061,attempt-latest,wrong,1,0,0,2;2;2;2;2;2;2;2
order-061,pinned-latest,reject,0,0,0,
order-061,immutable-pinned,correct,1,1,1,1;1;1;1;1;1;1;1
order-062,content-latest,wrong,1,0,0,100;100;100;100;100;100;100;100
order-062,attempt-latest,wrong,1,0,0,100;100;100;100;100;100;100;100
order-062,pinned-latest,reject,0,0,0,
order-062,immutable-pinned,correct,1,1,1,1;1;1;1;1;1;1;1
order-063,content-latest,wrong,1,0,0,100;100;100;100;100;100;100;100
order-063,attempt-latest,wrong,1,0,0,100;100;100;100;100;100;100;100
order-063,pinned-latest,reject,0,0,0,
order-063,immutable-pinned,correct,1,1,1,1;1;1;1;1;1;1;1
order-064,content-latest,wrong,1,0,0,2;2;2;2;2;2;2;2
order-064,attempt-latest,wrong,1,0,0,2;2;2;2;2;2;2;2
order-064,pinned-latest,reject,0,0,0,
order-064,immutable-pinned,correct,1,1,1,1;1;1;1;1;1;1;1
order-065,content-latest,wrong,1,0,0,2;2;2;2;2;2;2;2
order-065,attempt-latest,wrong,1,0,0,2;2;2;2;2;2;2;2
order-065,pinned-latest,reject,0,0,0,
order-065,immutable-pinned,correct,1,1,1,1;1;1;1;1;1;1;1
order-066,content-latest,wrong,1,0,0,4;4;4;4;4;4;4;4
order-066,attempt-latest,wrong,1,0,0,4;4;4;4;4;4;4;4
order-066,pinned-latest,reject,0,0,0,
order-066,immutable-pinned,correct,1,1,1,1;1;1;1;1;1;1;1
order-067,content-latest,wrong,1,0,0,4;4;4;4;4;4;4;4
order-067,attempt-latest,wrong,1,0,0,4;4;4;4;4;4;4;4
order-067,pinned-latest,reject,0,0,0,
order-067,immutable-pinned,correct,1,1,1,1;1;1;1;1;1;1;1
order-068,content-latest,wrong,1,0,0,4;4;4;4;4;4;4;4
order-068,attempt-latest,wrong,1,0,0,4;4;4;4;4;4;4;4
order-068,pinned-latest,reject,0,0,0,
order-068,immutable-pinned,correct,1,1,1,1;1;1;1;1;1;1;1
order-069,content-latest,wrong,1,0,0,2;2;2;2;2;2;2;2
order-069,attempt-latest,wrong,1,0,0,2;2;2;2;2;2;2;2
order-069,pinned-latest,reject,0,0,0,
order-069,immutable-pinned,correct,1,1,1,1;1;1;1;1;1;1;1
order-070,content-latest,wrong,1,0,0,2;2;2;2;2;2;2;2
order-070,attempt-latest,wrong,1,0,0,2;2;2;2;2;2;2;2
order-070,pinned-latest,reject,0,0,0,
order-070,immutable-pinned,correct,1,1,1,1;1;1;1;1;1;1;1
order-071,content-latest,wrong,1,0,0,2;2;2;2;2;2;2;2
order-071,attempt-latest,wrong,1,0,0,2;2;2;2;2;2;2;2
order-071,pinned-latest,reject,0,0,0,
order-071,immutable-pinned,correct,1,1,1,1;1;1;1;1;1;1;1
order-072,content-latest,wrong,1,0,0,100;100;100;100;100;100;100;100
order-072,attempt-latest,wrong,1,0,0,100;100;100;100;100;100;100;100
order-072,pinned-latest,reject,0,0,0,
order-072,immutable-pinned,correct,1,1,1,1;1;1;1;1;1;1;1
order-073,content-latest,wrong,1,0,0,100;100;100;100;100;100;100;100
order-073,attempt-latest,wrong,1,0,0,100;100;100;100;100;100;100;100
order-073,pinned-latest,reject,0,0,0,
order-073,immutable-pinned,correct,1,1,1,1;1;1;1;1;1;1;1
order-074,content-latest,wrong,1,0,0,100;100;100;100;100;100;100;100
order-074,attempt-latest,wrong,1,0,0,100;100;100;100;100;100;100;100
order-074,pinned-latest,reject,0,0,0,
order-074,immutable-pinned,correct,1,1,1,1;1;1;1;1;1;1;1
order-075,content-latest,wrong,1,0,0,2;2;2;2;2;2;2;2
order-075,attempt-latest,wrong,1,0,0,2;2;2;2;2;2;2;2
order-075,pinned-latest,reject,0,0,0,
order-075,immutable-pinned,correct,1,1,1,1;1;1;1;1;1;1;1
order-076,content-latest,wrong,1,0,0,2;2;2;2;2;2;2;2
order-076,attempt-latest,wrong,1,0,0,2;2;2;2;2;2;2;2
order-076,pinned-latest,reject,0,0,0,
order-076,immutable-pinned,correct,1,1,1,1;1;1;1;1;1;1;1
order-077,content-latest,wrong,1,0,0,2;2;2;2;2;2;2;2
order-077,attempt-latest,wrong,1,0,0,2;2;2;2;2;2;2;2
order-077,pinned-latest,reject,0,0,0,
order-077,immutable-pinned,correct,1,1,1,1;1;1;1;1;1;1;1
order-078,content-latest,wrong,1,0,0,100;100;100;100;100;100;100;100
order-078,attempt-latest,wrong,1,0,0,100;100;100;100;100;100;100;100
order-078,pinned-latest,reject,0,0,0,
order-078,immutable-pinned,correct,1,1,1,1;1;1;1;1;1;1;1
order-079,content-latest,wrong,1,0,0,100;100;100;100;100;100;100;100
order-079,attempt-latest,wrong,1,0,0,100;100;100;100;100;100;100;100
order-079,pinned-latest,reject,0,0,0,
order-079,immutable-pinned,correct,1,1,1,1;1;1;1;1;1;1;1
order-080,content-latest,wrong,1,0,0,100;100;100;100;100;100;100;100
order-080,attempt-latest,wrong,1,0,0,100;100;100;100;100;100;100;100
order-080,pinned-latest,reject,0,0,0,
order-080,immutable-pinned,correct,1,1,1,1;1;1;1;1;1;1;1
order-081,content-latest,wrong,1,0,0,100;100;100;100;100;100;100;100
order-081,attempt-latest,wrong,1,0,0,100;100;100;100;100;100;100;100
order-081,pinned-latest,reject,0,0,0,
order-081,immutable-pinned,correct,1,1,1,1;1;1;1;1;1;1;1
order-082,content-latest,wrong,1,0,0,100;100;100;100;100;100;100;100
order-082,attempt-latest,wrong,1,0,0,100;100;100;100;100;100;100;100
order-082,pinned-latest,reject,0,0,0,
order-082,immutable-pinned,correct,1,1,1,1;1;1;1;1;1;1;1
order-083,content-latest,wrong,1,0,0,100;100;100;100;100;100;100;100
order-083,attempt-latest,wrong,1,0,0,100;100;100;100;100;100;100;100
order-083,pinned-latest,reject,0,0,0,
order-083,immutable-pinned,correct,1,1,1,1;1;1;1;1;1;1;1
order-084,content-latest,wrong,1,0,0,100;100;100;100;100;100;100;100
order-084,attempt-latest,wrong,1,0,0,100;100;100;100;100;100;100;100
order-084,pinned-latest,reject,0,0,0,
order-084,immutable-pinned,correct,1,1,1,1;1;1;1;1;1;1;1
order-085,content-latest,wrong,1,0,0,2;2;2;2;2;2;2;2
order-085,attempt-latest,wrong,1,0,0,2;2;2;2;2;2;2;2
order-085,pinned-latest,reject,0,0,0,
order-085,immutable-pinned,correct,1,1,1,1;1;1;1;1;1;1;1
order-086,content-latest,wrong,1,0,0,100;100;100;100;100;100;100;100
order-086,attempt-latest,wrong,1,0,0,100;100;100;100;100;100;100;100
order-086,pinned-latest,reject,0,0,0,
order-086,immutable-pinned,correct,1,1,1,1;1;1;1;1;1;1;1
order-087,content-latest,wrong,1,0,0,100;100;100;100;100;100;100;100
order-087,attempt-latest,wrong,1,0,0,100;100;100;100;100;100;100;100
order-087,pinned-latest,reject,0,0,0,
order-087,immutable-pinned,correct,1,1,1,1;1;1;1;1;1;1;1
order-088,content-latest,wrong,1,0,0,2;2;2;2;2;2;2;2
order-088,attempt-latest,wrong,1,0,0,2;2;2;2;2;2;2;2
order-088,pinned-latest,reject,0,0,0,
order-088,immutable-pinned,correct,1,1,1,1;1;1;1;1;1;1;1
order-089,content-latest,wrong,1,0,0,2;2;2;2;2;2;2;2
order-089,attempt-latest,wrong,1,0,0,2;2;2;2;2;2;2;2
order-089,pinned-latest,reject,0,0,0,
order-089,immutable-pinned,correct,1,1,1,1;1;1;1;1;1;1;1
order-090,content-latest,wrong,1,0,0,2;2;2;2;2;2;2;2
order-090,attempt-latest,wrong,1,0,0,2;2;2;2;2;2;2;2
order-090,pinned-latest,reject,0,0,0,
order-090,immutable-pinned,correct,1,1,1,1;1;1;1;1;1;1;1
order-091,content-latest,wrong,1,0,0,2;2;2;2;2;2;2;2
order-091,attempt-latest,wrong,1,0,0,2;2;2;2;2;2;2;2
order-091,pinned-latest,reject,0,0,0,
order-091,immutable-pinned,correct,1,1,1,1;1;1;1;1;1;1;1
order-092,content-latest,wrong,1,0,0,2;2;2;2;2;2;2;2
order-092,attempt-latest,wrong,1,0,0,2;2;2;2;2;2;2;2
order-092,pinned-latest,reject,0,0,0,
order-092,immutable-pinned,correct,1,1,1,1;1;1;1;1;1;1;1
order-093,content-latest,wrong,1,0,0,2;2;2;2;2;2;2;2
order-093,attempt-latest,wrong,1,0,0,2;2;2;2;2;2;2;2
order-093,pinned-latest,reject,0,0,0,
order-093,immutable-pinned,correct,1,1,1,1;1;1;1;1;1;1;1
order-094,content-latest,wrong,1,0,0,2;2;2;2;2;2;2;2
order-094,attempt-latest,wrong,1,0,0,2;2;2;2;2;2;2;2
order-094,pinned-latest,reject,0,0,0,
order-094,immutable-pinned,correct,1,1,1,1;1;1;1;1;1;1;1
order-095,content-latest,wrong,1,0,0,2;2;2;2;2;2;2;2
order-095,attempt-latest,wrong,1,0,0,2;2;2;2;2;2;2;2
order-095,pinned-latest,reject,0,0,0,
order-095,immutable-pinned,correct,1,1,1,1;1;1;1;1;1;1;1
order-096,content-latest,wrong,1,0,0,4;4;4;4;4;4;4;4
order-096,attempt-latest,wrong,1,0,0,4;4;4;4;4;4;4;4
order-096,pinned-latest,reject,0,0,0,
order-096,immutable-pinned,correct,1,1,1,1;1;1;1;1;1;1;1
order-097,content-latest,wrong,1,0,0,4;4;4;4;4;4;4;4
order-097,attempt-latest,wrong,1,0,0,4;4;4;4;4;4;4;4
order-097,pinned-latest,reject,0,0,0,
order-097,immutable-pinned,correct,1,1,1,1;1;1;1;1;1;1;1
order-098,content-latest,wrong,1,0,0,4;4;4;4;4;4;4;4
order-098,attempt-latest,wrong,1,0,0,4;4;4;4;4;4;4;4
order-098,pinned-latest,reject,0,0,0,
order-098,immutable-pinned,correct,1,1,1,1;1;1;1;1;1;1;1
order-099,content-latest,wrong,1,0,0,4;4;4;4;4;4;4;4
order-099,attempt-latest,wrong,1,0,0,4;4;4;4;4;4;4;4
order-099,pinned-latest,reject,0,0,0,
order-099,immutable-pinned,correct,1,1,1,1;1;1;1;1;1;1;1
order-100,content-latest,wrong,1,0,0,4;4;4;4;4;4;4;4
order-100,attempt-latest,wrong,1,0,0,4;4;4;4;4;4;4;4
order-100,pinned-latest,reject,0,0,0,
order-100,immutable-pinned,correct,1,1,1,1;1;1;1;1;1;1;1
order-101,content-latest,wrong,1,0,0,4;4;4;4;4;4;4;4
order-101,attempt-latest,wrong,1,0,0,4;4;4;4;4;4;4;4
order-101,pinned-latest,reject,0,0,0,
order-101,immutable-pinned,correct,1,1,1,1;1;1;1;1;1;1;1
order-102,content-latest,wrong,1,0,0,4;4;4;4;4;4;4;4
order-102,attempt-latest,wrong,1,0,0,4;4;4;4;4;4;4;4
order-102,pinned-latest,reject,0,0,0,
order-102,immutable-pinned,correct,1,1,1,1;1;1;1;1;1;1;1
order-103,content-latest,wrong,1,0,0,4;4;4;4;4;4;4;4
order-103,attempt-latest,wrong,1,0,0,4;4;4;4;4;4;4;4
order-103,pinned-latest,reject,0,0,0,
order-103,immutable-pinned,correct,1,1,1,1;1;1;1;1;1;1;1
order-104,content-latest,wrong,1,0,0,4;4;4;4;4;4;4;4
order-104,attempt-latest,wrong,1,0,0,4;4;4;4;4;4;4;4
order-104,pinned-latest,reject,0,0,0,
order-104,immutable-pinned,correct,1,1,1,1;1;1;1;1;1;1;1
order-105,content-latest,wrong,1,0,0,2;2;2;2;2;2;2;2
order-105,attempt-latest,wrong,1,0,0,2;2;2;2;2;2;2;2
order-105,pinned-latest,reject,0,0,0,
order-105,immutable-pinned,correct,1,1,1,1;1;1;1;1;1;1;1
order-106,content-latest,wrong,1,0,0,2;2;2;2;2;2;2;2
order-106,attempt-latest,wrong,1,0,0,2;2;2;2;2;2;2;2
order-106,pinned-latest,reject,0,0,0,
order-106,immutable-pinned,correct,1,1,1,1;1;1;1;1;1;1;1
order-107,content-latest,wrong,1,0,0,2;2;2;2;2;2;2;2
order-107,attempt-latest,wrong,1,0,0,2;2;2;2;2;2;2;2
order-107,pinned-latest,reject,0,0,0,
order-107,immutable-pinned,correct,1,1,1,1;1;1;1;1;1;1;1
order-108,content-latest,wrong,1,0,0,4;4;4;4;4;4;4;4
order-108,attempt-latest,wrong,1,0,0,4;4;4;4;4;4;4;4
order-108,pinned-latest,reject,0,0,0,
order-108,immutable-pinned,correct,1,1,1,1;1;1;1;1;1;1;1
order-109,content-latest,wrong,1,0,0,4;4;4;4;4;4;4;4
order-109,attempt-latest,wrong,1,0,0,4;4;4;4;4;4;4;4
order-109,pinned-latest,reject,0,0,0,
order-109,immutable-pinned,correct,1,1,1,1;1;1;1;1;1;1;1
order-110,content-latest,wrong,1,0,0,4;4;4;4;4;4;4;4
order-110,attempt-latest,wrong,1,0,0,4;4;4;4;4;4;4;4
order-110,pinned-latest,reject,0,0,0,
order-110,immutable-pinned,correct,1,1,1,1;1;1;1;1;1;1;1
order-111,content-latest,wrong,1,0,0,2;2;2;2;2;2;2;2
order-111,attempt-latest,wrong,1,0,0,2;2;2;2;2;2;2;2
order-111,pinned-latest,reject,0,0,0,
order-111,immutable-pinned,correct,1,1,1,1;1;1;1;1;1;1;1
order-112,content-latest,wrong,1,0,0,2;2;2;2;2;2;2;2
order-112,attempt-latest,wrong,1,0,0,2;2;2;2;2;2;2;2
order-112,pinned-latest,reject,0,0,0,
order-112,immutable-pinned,correct,1,1,1,1;1;1;1;1;1;1;1
order-113,content-latest,wrong,1,0,0,2;2;2;2;2;2;2;2
order-113,attempt-latest,wrong,1,0,0,2;2;2;2;2;2;2;2
order-113,pinned-latest,reject,0,0,0,
order-113,immutable-pinned,correct,1,1,1,1;1;1;1;1;1;1;1
order-114,content-latest,wrong,1,0,0,2;2;2;2;2;2;2;2
order-114,attempt-latest,wrong,1,0,0,2;2;2;2;2;2;2;2
order-114,pinned-latest,reject,0,0,0,
order-114,immutable-pinned,correct,1,1,1,1;1;1;1;1;1;1;1
order-115,content-latest,wrong,1,0,0,2;2;2;2;2;2;2;2
order-115,attempt-latest,wrong,1,0,0,2;2;2;2;2;2;2;2
order-115,pinned-latest,reject,0,0,0,
order-115,immutable-pinned,correct,1,1,1,1;1;1;1;1;1;1;1
order-116,content-latest,wrong,1,0,0,2;2;2;2;2;2;2;2
order-116,attempt-latest,wrong,1,0,0,2;2;2;2;2;2;2;2
order-116,pinned-latest,reject,0,0,0,
order-116,immutable-pinned,correct,1,1,1,1;1;1;1;1;1;1;1
order-117,content-latest,wrong,1,0,0,2;2;2;2;2;2;2;2
order-117,attempt-latest,wrong,1,0,0,2;2;2;2;2;2;2;2
order-117,pinned-latest,reject,0,0,0,
order-117,immutable-pinned,correct,1,1,1,1;1;1;1;1;1;1;1
order-118,content-latest,wrong,1,0,0,2;2;2;2;2;2;2;2
order-118,attempt-latest,wrong,1,0,0,2;2;2;2;2;2;2;2
order-118,pinned-latest,reject,0,0,0,
order-118,immutable-pinned,correct,1,1,1,1;1;1;1;1;1;1;1
order-119,content-latest,wrong,1,0,0,2;2;2;2;2;2;2;2
order-119,attempt-latest,wrong,1,0,0,2;2;2;2;2;2;2;2
order-119,pinned-latest,reject,0,0,0,
order-119,immutable-pinned,correct,1,1,1,1;1;1;1;1;1;1;1
order-120,content-latest,correct,1,1,0,1;1;1;1;1;1;1;1
order-120,attempt-latest,correct,1,1,0,1;1;1;1;1;1;1;1
order-120,pinned-latest,reject,0,0,0,
order-120,immutable-pinned,correct,1,1,1,1;1;1;1;1;1;1;1
order-121,content-latest,correct,1,1,0,1;1;1;1;1;1;1;1
order-121,attempt-latest,correct,1,1,0,1;1;1;1;1;1;1;1
order-121,pinned-latest,reject,0,0,0,
order-121,immutable-pinned,correct,1,1,1,1;1;1;1;1;1;1;1
order-122,content-latest,correct,1,1,0,1;1;1;1;1;1;1;1
order-122,attempt-latest,correct,1,1,0,1;1;1;1;1;1;1;1
order-122,pinned-latest,reject,0,0,0,
order-122,immutable-pinned,correct,1,1,1,1;1;1;1;1;1;1;1
order-123,content-latest,correct,1,1,0,1;1;1;1;1;1;1;1
order-123,attempt-latest,correct,1,1,0,1;1;1;1;1;1;1;1
order-123,pinned-latest,reject,0,0,0,
order-123,immutable-pinned,correct,1,1,1,1;1;1;1;1;1;1;1
order-124,content-latest,correct,1,1,0,1;1;1;1;1;1;1;1
order-124,attempt-latest,correct,1,1,0,1;1;1;1;1;1;1;1
order-124,pinned-latest,reject,0,0,0,
order-124,immutable-pinned,correct,1,1,1,1;1;1;1;1;1;1;1
order-125,content-latest,correct,1,1,0,1;1;1;1;1;1;1;1
order-125,attempt-latest,correct,1,1,0,1;1;1;1;1;1;1;1
order-125,pinned-latest,reject,0,0,0,
order-125,immutable-pinned,correct,1,1,1,1;1;1;1;1;1;1;1
order-126,content-latest,correct,1,1,0,1;1;1;1;1;1;1;1
order-126,attempt-latest,correct,1,1,0,1;1;1;1;1;1;1;1
order-126,pinned-latest,reject,0,0,0,
order-126,immutable-pinned,correct,1,1,1,1;1;1;1;1;1;1;1
order-127,content-latest,correct,1,1,0,1;1;1;1;1;1;1;1
order-127,attempt-latest,correct,1,1,0,1;1;1;1;1;1;1;1
order-127,pinned-latest,reject,0,0,0,
order-127,immutable-pinned,correct,1,1,1,1;1;1;1;1;1;1;1
order-128,content-latest,correct,1,1,0,1;1;1;1;1;1;1;1
order-128,attempt-latest,correct,1,1,0,1;1;1;1;1;1;1;1
order-128,pinned-latest,reject,0,0,0,
order-128,immutable-pinned,correct,1,1,1,1;1;1;1;1;1;1;1
order-129,content-latest,wrong,1,0,0,4;4;4;4;4;4;4;4
order-129,attempt-latest,wrong,1,0,0,4;4;4;4;4;4;4;4
order-129,pinned-latest,reject,0,0,0,
order-129,immutable-pinned,correct,1,1,1,1;1;1;1;1;1;1;1
order-130,content-latest,wrong,1,0,0,4;4;4;4;4;4;4;4
order-130,attempt-latest,wrong,1,0,0,4;4;4;4;4;4;4;4
order-130,pinned-latest,reject,0,0,0,
order-130,immutable-pinned,correct,1,1,1,1;1;1;1;1;1;1;1
order-131,content-latest,wrong,1,0,0,4;4;4;4;4;4;4;4
order-131,attempt-latest,wrong,1,0,0,4;4;4;4;4;4;4;4
order-131,pinned-latest,reject,0,0,0,
order-131,immutable-pinned,correct,1,1,1,1;1;1;1;1;1;1;1
order-132,content-latest,correct,1,1,0,1;1;1;1;1;1;1;1
order-132,attempt-latest,correct,1,1,0,1;1;1;1;1;1;1;1
order-132,pinned-latest,reject,0,0,0,
order-132,immutable-pinned,correct,1,1,1,1;1;1;1;1;1;1;1
order-133,content-latest,correct,1,1,0,1;1;1;1;1;1;1;1
order-133,attempt-latest,correct,1,1,0,1;1;1;1;1;1;1;1
order-133,pinned-latest,reject,0,0,0,
order-133,immutable-pinned,correct,1,1,1,1;1;1;1;1;1;1;1
order-134,content-latest,correct,1,1,0,1;1;1;1;1;1;1;1
order-134,attempt-latest,correct,1,1,0,1;1;1;1;1;1;1;1
order-134,pinned-latest,reject,0,0,0,
order-134,immutable-pinned,correct,1,1,1,1;1;1;1;1;1;1;1
order-135,content-latest,wrong,1,0,0,4;4;4;4;4;4;4;4
order-135,attempt-latest,wrong,1,0,0,4;4;4;4;4;4;4;4
order-135,pinned-latest,reject,0,0,0,
order-135,immutable-pinned,correct,1,1,1,1;1;1;1;1;1;1;1
order-136,content-latest,wrong,1,0,0,4;4;4;4;4;4;4;4
order-136,attempt-latest,wrong,1,0,0,4;4;4;4;4;4;4;4
order-136,pinned-latest,reject,0,0,0,
order-136,immutable-pinned,correct,1,1,1,1;1;1;1;1;1;1;1
order-137,content-latest,wrong,1,0,0,4;4;4;4;4;4;4;4
order-137,attempt-latest,wrong,1,0,0,4;4;4;4;4;4;4;4
order-137,pinned-latest,reject,0,0,0,
order-137,immutable-pinned,correct,1,1,1,1;1;1;1;1;1;1;1
order-138,content-latest,wrong,1,0,0,4;4;4;4;4;4;4;4
order-138,attempt-latest,wrong,1,0,0,4;4;4;4;4;4;4;4
order-138,pinned-latest,reject,0,0,0,
order-138,immutable-pinned,correct,1,1,1,1;1;1;1;1;1;1;1
order-139,content-latest,wrong,1,0,0,4;4;4;4;4;4;4;4
order-139,attempt-latest,wrong,1,0,0,4;4;4;4;4;4;4;4
order-139,pinned-latest,reject,0,0,0,
order-139,immutable-pinned,correct,1,1,1,1;1;1;1;1;1;1;1
order-140,content-latest,wrong,1,0,0,4;4;4;4;4;4;4;4
order-140,attempt-latest,wrong,1,0,0,4;4;4;4;4;4;4;4
order-140,pinned-latest,reject,0,0,0,
order-140,immutable-pinned,correct,1,1,1,1;1;1;1;1;1;1;1
order-141,content-latest,wrong,1,0,0,4;4;4;4;4;4;4;4
order-141,attempt-latest,wrong,1,0,0,4;4;4;4;4;4;4;4
order-141,pinned-latest,reject,0,0,0,
order-141,immutable-pinned,correct,1,1,1,1;1;1;1;1;1;1;1
order-142,content-latest,wrong,1,0,0,4;4;4;4;4;4;4;4
order-142,attempt-latest,wrong,1,0,0,4;4;4;4;4;4;4;4
order-142,pinned-latest,reject,0,0,0,
order-142,immutable-pinned,correct,1,1,1,1;1;1;1;1;1;1;1
order-143,content-latest,wrong,1,0,0,4;4;4;4;4;4;4;4
order-143,attempt-latest,wrong,1,0,0,4;4;4;4;4;4;4;4
order-143,pinned-latest,reject,0,0,0,
order-143,immutable-pinned,correct,1,1,1,1;1;1;1;1;1;1;1
order-144,content-latest,correct,1,1,0,1;1;1;1;1;1;1;1
order-144,attempt-latest,correct,1,1,0,1;1;1;1;1;1;1;1
order-144,pinned-latest,reject,0,0,0,
order-144,immutable-pinned,correct,1,1,1,1;1;1;1;1;1;1;1
order-145,content-latest,correct,1,1,0,1;1;1;1;1;1;1;1
order-145,attempt-latest,correct,1,1,0,1;1;1;1;1;1;1;1
order-145,pinned-latest,reject,0,0,0,
order-145,immutable-pinned,correct,1,1,1,1;1;1;1;1;1;1;1
order-146,content-latest,correct,1,1,0,1;1;1;1;1;1;1;1
order-146,attempt-latest,correct,1,1,0,1;1;1;1;1;1;1;1
order-146,pinned-latest,reject,0,0,0,
order-146,immutable-pinned,correct,1,1,1,1;1;1;1;1;1;1;1
order-147,content-latest,correct,1,1,0,1;1;1;1;1;1;1;1
order-147,attempt-latest,correct,1,1,0,1;1;1;1;1;1;1;1
order-147,pinned-latest,reject,0,0,0,
order-147,immutable-pinned,correct,1,1,1,1;1;1;1;1;1;1;1
order-148,content-latest,correct,1,1,0,1;1;1;1;1;1;1;1
order-148,attempt-latest,correct,1,1,0,1;1;1;1;1;1;1;1
order-148,pinned-latest,reject,0,0,0,
order-148,immutable-pinned,correct,1,1,1,1;1;1;1;1;1;1;1
order-149,content-latest,correct,1,1,0,1;1;1;1;1;1;1;1
order-149,attempt-latest,correct,1,1,0,1;1;1;1;1;1;1;1
order-149,pinned-latest,reject,0,0,0,
order-149,immutable-pinned,correct,1,1,1,1;1;1;1;1;1;1;1
order-150,content-latest,wrong,1,0,0,0;0;0;0;0;0;0;0
order-150,attempt-latest,wrong,1,0,0,0;0;0;0;0;0;0;0
order-150,pinned-latest,reject,0,0,0,
order-150,immutable-pinned,correct,1,1,1,1;1;1;1;1;1;1;1
order-151,content-latest,wrong,1,0,0,0;0;0;0;0;0;0;0
order-151,attempt-latest,wrong,1,0,0,0;0;0;0;0;0;0;0
order-151,pinned-latest,reject,0,0,0,
order-151,immutable-pinned,correct,1,1,1,1;1;1;1;1;1;1;1
order-152,content-latest,wrong,1,0,0,0;0;0;0;0;0;0;0
order-152,attempt-latest,wrong,1,0,0,0;0;0;0;0;0;0;0
order-152,pinned-latest,reject,0,0,0,
order-152,immutable-pinned,correct,1,1,1,1;1;1;1;1;1;1;1
order-153,content-latest,wrong,1,0,0,0;0;0;0;0;0;0;0
order-153,attempt-latest,wrong,1,0,0,0;0;0;0;0;0;0;0
order-153,pinned-latest,reject,0,0,0,
order-153,immutable-pinned,correct,1,1,1,1;1;1;1;1;1;1;1
order-154,content-latest,wrong,1,0,0,0;0;0;0;0;0;0;0
order-154,attempt-latest,wrong,1,0,0,0;0;0;0;0;0;0;0
order-154,pinned-latest,reject,0,0,0,
order-154,immutable-pinned,correct,1,1,1,1;1;1;1;1;1;1;1
order-155,content-latest,wrong,1,0,0,0;0;0;0;0;0;0;0
order-155,attempt-latest,wrong,1,0,0,0;0;0;0;0;0;0;0
order-155,pinned-latest,reject,0,0,0,
order-155,immutable-pinned,correct,1,1,1,1;1;1;1;1;1;1;1
order-156,content-latest,correct,1,1,0,1;1;1;1;1;1;1;1
order-156,attempt-latest,correct,1,1,0,1;1;1;1;1;1;1;1
order-156,pinned-latest,reject,0,0,0,
order-156,immutable-pinned,correct,1,1,1,1;1;1;1;1;1;1;1
order-157,content-latest,correct,1,1,0,1;1;1;1;1;1;1;1
order-157,attempt-latest,correct,1,1,0,1;1;1;1;1;1;1;1
order-157,pinned-latest,reject,0,0,0,
order-157,immutable-pinned,correct,1,1,1,1;1;1;1;1;1;1;1
order-158,content-latest,wrong,1,0,0,0;0;0;0;0;0;0;0
order-158,attempt-latest,wrong,1,0,0,0;0;0;0;0;0;0;0
order-158,pinned-latest,reject,0,0,0,
order-158,immutable-pinned,correct,1,1,1,1;1;1;1;1;1;1;1
order-159,content-latest,wrong,1,0,0,0;0;0;0;0;0;0;0
order-159,attempt-latest,wrong,1,0,0,0;0;0;0;0;0;0;0
order-159,pinned-latest,reject,0,0,0,
order-159,immutable-pinned,correct,1,1,1,1;1;1;1;1;1;1;1
order-160,content-latest,correct,1,1,0,1;1;1;1;1;1;1;1
order-160,attempt-latest,correct,1,1,0,1;1;1;1;1;1;1;1
order-160,pinned-latest,reject,0,0,0,
order-160,immutable-pinned,correct,1,1,1,1;1;1;1;1;1;1;1
order-161,content-latest,wrong,1,0,0,0;0;0;0;0;0;0;0
order-161,attempt-latest,wrong,1,0,0,0;0;0;0;0;0;0;0
order-161,pinned-latest,reject,0,0,0,
order-161,immutable-pinned,correct,1,1,1,1;1;1;1;1;1;1;1
order-162,content-latest,correct,1,1,0,1;1;1;1;1;1;1;1
order-162,attempt-latest,correct,1,1,0,1;1;1;1;1;1;1;1
order-162,pinned-latest,reject,0,0,0,
order-162,immutable-pinned,correct,1,1,1,1;1;1;1;1;1;1;1
order-163,content-latest,correct,1,1,0,1;1;1;1;1;1;1;1
order-163,attempt-latest,correct,1,1,0,1;1;1;1;1;1;1;1
order-163,pinned-latest,reject,0,0,0,
order-163,immutable-pinned,correct,1,1,1,1;1;1;1;1;1;1;1
order-164,content-latest,wrong,1,0,0,0;0;0;0;0;0;0;0
order-164,attempt-latest,wrong,1,0,0,0;0;0;0;0;0;0;0
order-164,pinned-latest,reject,0,0,0,
order-164,immutable-pinned,correct,1,1,1,1;1;1;1;1;1;1;1
order-165,content-latest,wrong,1,0,0,0;0;0;0;0;0;0;0
order-165,attempt-latest,wrong,1,0,0,0;0;0;0;0;0;0;0
order-165,pinned-latest,reject,0,0,0,
order-165,immutable-pinned,correct,1,1,1,1;1;1;1;1;1;1;1
order-166,content-latest,correct,1,1,0,1;1;1;1;1;1;1;1
order-166,attempt-latest,correct,1,1,0,1;1;1;1;1;1;1;1
order-166,pinned-latest,reject,0,0,0,
order-166,immutable-pinned,correct,1,1,1,1;1;1;1;1;1;1;1
order-167,content-latest,wrong,1,0,0,0;0;0;0;0;0;0;0
order-167,attempt-latest,wrong,1,0,0,0;0;0;0;0;0;0;0
order-167,pinned-latest,reject,0,0,0,
order-167,immutable-pinned,correct,1,1,1,1;1;1;1;1;1;1;1
order-168,content-latest,wrong,1,0,0,0;0;0;0;0;0;0;0
order-168,attempt-latest,wrong,1,0,0,0;0;0;0;0;0;0;0
order-168,pinned-latest,reject,0,0,0,
order-168,immutable-pinned,correct,1,1,1,1;1;1;1;1;1;1;1
order-169,content-latest,wrong,1,0,0,0;0;0;0;0;0;0;0
order-169,attempt-latest,wrong,1,0,0,0;0;0;0;0;0;0;0
order-169,pinned-latest,reject,0,0,0,
order-169,immutable-pinned,correct,1,1,1,1;1;1;1;1;1;1;1
order-170,content-latest,wrong,1,0,0,0;0;0;0;0;0;0;0
order-170,attempt-latest,wrong,1,0,0,0;0;0;0;0;0;0;0
order-170,pinned-latest,reject,0,0,0,
order-170,immutable-pinned,correct,1,1,1,1;1;1;1;1;1;1;1
order-171,content-latest,wrong,1,0,0,3;3;3;3;3;3;3;3
order-171,attempt-latest,wrong,1,0,0,3;3;3;3;3;3;3;3
order-171,pinned-latest,reject,0,0,0,
order-171,immutable-pinned,correct,1,1,1,1;1;1;1;1;1;1;1
order-172,content-latest,wrong,1,0,0,3;3;3;3;3;3;3;3
order-172,attempt-latest,wrong,1,0,0,3;3;3;3;3;3;3;3
order-172,pinned-latest,reject,0,0,0,
order-172,immutable-pinned,correct,1,1,1,1;1;1;1;1;1;1;1
order-173,content-latest,wrong,1,0,0,3;3;3;3;3;3;3;3
order-173,attempt-latest,wrong,1,0,0,3;3;3;3;3;3;3;3
order-173,pinned-latest,reject,0,0,0,
order-173,immutable-pinned,correct,1,1,1,1;1;1;1;1;1;1;1
order-174,content-latest,wrong,1,0,0,0;0;0;0;0;0;0;0
order-174,attempt-latest,wrong,1,0,0,0;0;0;0;0;0;0;0
order-174,pinned-latest,reject,0,0,0,
order-174,immutable-pinned,correct,1,1,1,1;1;1;1;1;1;1;1
order-175,content-latest,wrong,1,0,0,0;0;0;0;0;0;0;0
order-175,attempt-latest,wrong,1,0,0,0;0;0;0;0;0;0;0
order-175,pinned-latest,reject,0,0,0,
order-175,immutable-pinned,correct,1,1,1,1;1;1;1;1;1;1;1
order-176,content-latest,wrong,1,0,0,0;0;0;0;0;0;0;0
order-176,attempt-latest,wrong,1,0,0,0;0;0;0;0;0;0;0
order-176,pinned-latest,reject,0,0,0,
order-176,immutable-pinned,correct,1,1,1,1;1;1;1;1;1;1;1
order-177,content-latest,wrong,1,0,0,0;0;0;0;0;0;0;0
order-177,attempt-latest,wrong,1,0,0,0;0;0;0;0;0;0;0
order-177,pinned-latest,reject,0,0,0,
order-177,immutable-pinned,correct,1,1,1,1;1;1;1;1;1;1;1
order-178,content-latest,wrong,1,0,0,0;0;0;0;0;0;0;0
order-178,attempt-latest,wrong,1,0,0,0;0;0;0;0;0;0;0
order-178,pinned-latest,reject,0,0,0,
order-178,immutable-pinned,correct,1,1,1,1;1;1;1;1;1;1;1
order-179,content-latest,wrong,1,0,0,0;0;0;0;0;0;0;0
order-179,attempt-latest,wrong,1,0,0,0;0;0;0;0;0;0;0
order-179,pinned-latest,reject,0,0,0,
order-179,immutable-pinned,correct,1,1,1,1;1;1;1;1;1;1;1
order-180,content-latest,wrong,1,0,0,0;0;0;0;0;0;0;0
order-180,attempt-latest,wrong,1,0,0,0;0;0;0;0;0;0;0
order-180,pinned-latest,reject,0,0,0,
order-180,immutable-pinned,correct,1,1,1,1;1;1;1;1;1;1;1
order-181,content-latest,wrong,1,0,0,3;3;3;3;3;3;3;3
order-181,attempt-latest,wrong,1,0,0,3;3;3;3;3;3;3;3
order-181,pinned-latest,reject,0,0,0,
order-181,immutable-pinned,correct,1,1,1,1;1;1;1;1;1;1;1
order-182,content-latest,wrong,1,0,0,0;0;0;0;0;0;0;0
order-182,attempt-latest,wrong,1,0,0,0;0;0;0;0;0;0;0
order-182,pinned-latest,reject,0,0,0,
order-182,immutable-pinned,correct,1,1,1,1;1;1;1;1;1;1;1
order-183,content-latest,wrong,1,0,0,0;0;0;0;0;0;0;0
order-183,attempt-latest,wrong,1,0,0,0;0;0;0;0;0;0;0
order-183,pinned-latest,reject,0,0,0,
order-183,immutable-pinned,correct,1,1,1,1;1;1;1;1;1;1;1
order-184,content-latest,wrong,1,0,0,3;3;3;3;3;3;3;3
order-184,attempt-latest,wrong,1,0,0,3;3;3;3;3;3;3;3
order-184,pinned-latest,reject,0,0,0,
order-184,immutable-pinned,correct,1,1,1,1;1;1;1;1;1;1;1
order-185,content-latest,wrong,1,0,0,3;3;3;3;3;3;3;3
order-185,attempt-latest,wrong,1,0,0,3;3;3;3;3;3;3;3
order-185,pinned-latest,reject,0,0,0,
order-185,immutable-pinned,correct,1,1,1,1;1;1;1;1;1;1;1
order-186,content-latest,wrong,1,0,0,3;3;3;3;3;3;3;3
order-186,attempt-latest,wrong,1,0,0,3;3;3;3;3;3;3;3
order-186,pinned-latest,reject,0,0,0,
order-186,immutable-pinned,correct,1,1,1,1;1;1;1;1;1;1;1
order-187,content-latest,wrong,1,0,0,3;3;3;3;3;3;3;3
order-187,attempt-latest,wrong,1,0,0,3;3;3;3;3;3;3;3
order-187,pinned-latest,reject,0,0,0,
order-187,immutable-pinned,correct,1,1,1,1;1;1;1;1;1;1;1
order-188,content-latest,wrong,1,0,0,3;3;3;3;3;3;3;3
order-188,attempt-latest,wrong,1,0,0,3;3;3;3;3;3;3;3
order-188,pinned-latest,reject,0,0,0,
order-188,immutable-pinned,correct,1,1,1,1;1;1;1;1;1;1;1
order-189,content-latest,wrong,1,0,0,3;3;3;3;3;3;3;3
order-189,attempt-latest,wrong,1,0,0,3;3;3;3;3;3;3;3
order-189,pinned-latest,reject,0,0,0,
order-189,immutable-pinned,correct,1,1,1,1;1;1;1;1;1;1;1
order-190,content-latest,wrong,1,0,0,3;3;3;3;3;3;3;3
order-190,attempt-latest,wrong,1,0,0,3;3;3;3;3;3;3;3
order-190,pinned-latest,reject,0,0,0,
order-190,immutable-pinned,correct,1,1,1,1;1;1;1;1;1;1;1
order-191,content-latest,wrong,1,0,0,3;3;3;3;3;3;3;3
order-191,attempt-latest,wrong,1,0,0,3;3;3;3;3;3;3;3
order-191,pinned-latest,reject,0,0,0,
order-191,immutable-pinned,correct,1,1,1,1;1;1;1;1;1;1;1
order-192,content-latest,correct,1,1,0,1;1;1;1;1;1;1;1
order-192,attempt-latest,correct,1,1,0,1;1;1;1;1;1;1;1
order-192,pinned-latest,reject,0,0,0,
order-192,immutable-pinned,correct,1,1,1,1;1;1;1;1;1;1;1
order-193,content-latest,correct,1,1,0,1;1;1;1;1;1;1;1
order-193,attempt-latest,correct,1,1,0,1;1;1;1;1;1;1;1
order-193,pinned-latest,reject,0,0,0,
order-193,immutable-pinned,correct,1,1,1,1;1;1;1;1;1;1;1
order-194,content-latest,correct,1,1,0,1;1;1;1;1;1;1;1
order-194,attempt-latest,correct,1,1,0,1;1;1;1;1;1;1;1
order-194,pinned-latest,reject,0,0,0,
order-194,immutable-pinned,correct,1,1,1,1;1;1;1;1;1;1;1
order-195,content-latest,wrong,1,0,0,4;4;4;4;4;4;4;4
order-195,attempt-latest,wrong,1,0,0,4;4;4;4;4;4;4;4
order-195,pinned-latest,reject,0,0,0,
order-195,immutable-pinned,correct,1,1,1,1;1;1;1;1;1;1;1
order-196,content-latest,wrong,1,0,0,4;4;4;4;4;4;4;4
order-196,attempt-latest,wrong,1,0,0,4;4;4;4;4;4;4;4
order-196,pinned-latest,reject,0,0,0,
order-196,immutable-pinned,correct,1,1,1,1;1;1;1;1;1;1;1
order-197,content-latest,wrong,1,0,0,4;4;4;4;4;4;4;4
order-197,attempt-latest,wrong,1,0,0,4;4;4;4;4;4;4;4
order-197,pinned-latest,reject,0,0,0,
order-197,immutable-pinned,correct,1,1,1,1;1;1;1;1;1;1;1
order-198,content-latest,correct,1,1,0,1;1;1;1;1;1;1;1
order-198,attempt-latest,correct,1,1,0,1;1;1;1;1;1;1;1
order-198,pinned-latest,reject,0,0,0,
order-198,immutable-pinned,correct,1,1,1,1;1;1;1;1;1;1;1
order-199,content-latest,correct,1,1,0,1;1;1;1;1;1;1;1
order-199,attempt-latest,correct,1,1,0,1;1;1;1;1;1;1;1
order-199,pinned-latest,reject,0,0,0,
order-199,immutable-pinned,correct,1,1,1,1;1;1;1;1;1;1;1
order-200,content-latest,wrong,1,0,0,0;0;0;0;0;0;0;0
order-200,attempt-latest,wrong,1,0,0,0;0;0;0;0;0;0;0
order-200,pinned-latest,reject,0,0,0,
order-200,immutable-pinned,correct,1,1,1,1;1;1;1;1;1;1;1
order-201,content-latest,wrong,1,0,0,0;0;0;0;0;0;0;0
order-201,attempt-latest,wrong,1,0,0,0;0;0;0;0;0;0;0
order-201,pinned-latest,reject,0,0,0,
order-201,immutable-pinned,correct,1,1,1,1;1;1;1;1;1;1;1
order-202,content-latest,correct,1,1,0,1;1;1;1;1;1;1;1
order-202,attempt-latest,correct,1,1,0,1;1;1;1;1;1;1;1
order-202,pinned-latest,reject,0,0,0,
order-202,immutable-pinned,correct,1,1,1,1;1;1;1;1;1;1;1
order-203,content-latest,wrong,1,0,0,0;0;0;0;0;0;0;0
order-203,attempt-latest,wrong,1,0,0,0;0;0;0;0;0;0;0
order-203,pinned-latest,reject,0,0,0,
order-203,immutable-pinned,correct,1,1,1,1;1;1;1;1;1;1;1
order-204,content-latest,wrong,1,0,0,0;0;0;0;0;0;0;0
order-204,attempt-latest,wrong,1,0,0,0;0;0;0;0;0;0;0
order-204,pinned-latest,reject,0,0,0,
order-204,immutable-pinned,correct,1,1,1,1;1;1;1;1;1;1;1
order-205,content-latest,wrong,1,0,0,3;3;3;3;3;3;3;3
order-205,attempt-latest,wrong,1,0,0,3;3;3;3;3;3;3;3
order-205,pinned-latest,reject,0,0,0,
order-205,immutable-pinned,correct,1,1,1,1;1;1;1;1;1;1;1
order-206,content-latest,wrong,1,0,0,0;0;0;0;0;0;0;0
order-206,attempt-latest,wrong,1,0,0,0;0;0;0;0;0;0;0
order-206,pinned-latest,reject,0,0,0,
order-206,immutable-pinned,correct,1,1,1,1;1;1;1;1;1;1;1
order-207,content-latest,wrong,1,0,0,0;0;0;0;0;0;0;0
order-207,attempt-latest,wrong,1,0,0,0;0;0;0;0;0;0;0
order-207,pinned-latest,reject,0,0,0,
order-207,immutable-pinned,correct,1,1,1,1;1;1;1;1;1;1;1
order-208,content-latest,wrong,1,0,0,3;3;3;3;3;3;3;3
order-208,attempt-latest,wrong,1,0,0,3;3;3;3;3;3;3;3
order-208,pinned-latest,reject,0,0,0,
order-208,immutable-pinned,correct,1,1,1,1;1;1;1;1;1;1;1
order-209,content-latest,wrong,1,0,0,3;3;3;3;3;3;3;3
order-209,attempt-latest,wrong,1,0,0,3;3;3;3;3;3;3;3
order-209,pinned-latest,reject,0,0,0,
order-209,immutable-pinned,correct,1,1,1,1;1;1;1;1;1;1;1
order-210,content-latest,wrong,1,0,0,4;4;4;4;4;4;4;4
order-210,attempt-latest,wrong,1,0,0,4;4;4;4;4;4;4;4
order-210,pinned-latest,reject,0,0,0,
order-210,immutable-pinned,correct,1,1,1,1;1;1;1;1;1;1;1
order-211,content-latest,wrong,1,0,0,4;4;4;4;4;4;4;4
order-211,attempt-latest,wrong,1,0,0,4;4;4;4;4;4;4;4
order-211,pinned-latest,reject,0,0,0,
order-211,immutable-pinned,correct,1,1,1,1;1;1;1;1;1;1;1
order-212,content-latest,wrong,1,0,0,4;4;4;4;4;4;4;4
order-212,attempt-latest,wrong,1,0,0,4;4;4;4;4;4;4;4
order-212,pinned-latest,reject,0,0,0,
order-212,immutable-pinned,correct,1,1,1,1;1;1;1;1;1;1;1
order-213,content-latest,wrong,1,0,0,3;3;3;3;3;3;3;3
order-213,attempt-latest,wrong,1,0,0,3;3;3;3;3;3;3;3
order-213,pinned-latest,reject,0,0,0,
order-213,immutable-pinned,correct,1,1,1,1;1;1;1;1;1;1;1
order-214,content-latest,wrong,1,0,0,3;3;3;3;3;3;3;3
order-214,attempt-latest,wrong,1,0,0,3;3;3;3;3;3;3;3
order-214,pinned-latest,reject,0,0,0,
order-214,immutable-pinned,correct,1,1,1,1;1;1;1;1;1;1;1
order-215,content-latest,wrong,1,0,0,3;3;3;3;3;3;3;3
order-215,attempt-latest,wrong,1,0,0,3;3;3;3;3;3;3;3
order-215,pinned-latest,reject,0,0,0,
order-215,immutable-pinned,correct,1,1,1,1;1;1;1;1;1;1;1
order-216,content-latest,wrong,1,0,0,4;4;4;4;4;4;4;4
order-216,attempt-latest,wrong,1,0,0,4;4;4;4;4;4;4;4
order-216,pinned-latest,reject,0,0,0,
order-216,immutable-pinned,correct,1,1,1,1;1;1;1;1;1;1;1
order-217,content-latest,wrong,1,0,0,4;4;4;4;4;4;4;4
order-217,attempt-latest,wrong,1,0,0,4;4;4;4;4;4;4;4
order-217,pinned-latest,reject,0,0,0,
order-217,immutable-pinned,correct,1,1,1,1;1;1;1;1;1;1;1
order-218,content-latest,wrong,1,0,0,4;4;4;4;4;4;4;4
order-218,attempt-latest,wrong,1,0,0,4;4;4;4;4;4;4;4
order-218,pinned-latest,reject,0,0,0,
order-218,immutable-pinned,correct,1,1,1,1;1;1;1;1;1;1;1
order-219,content-latest,wrong,1,0,0,4;4;4;4;4;4;4;4
order-219,attempt-latest,wrong,1,0,0,4;4;4;4;4;4;4;4
order-219,pinned-latest,reject,0,0,0,
order-219,immutable-pinned,correct,1,1,1,1;1;1;1;1;1;1;1
order-220,content-latest,wrong,1,0,0,4;4;4;4;4;4;4;4
order-220,attempt-latest,wrong,1,0,0,4;4;4;4;4;4;4;4
order-220,pinned-latest,reject,0,0,0,
order-220,immutable-pinned,correct,1,1,1,1;1;1;1;1;1;1;1
order-221,content-latest,wrong,1,0,0,4;4;4;4;4;4;4;4
order-221,attempt-latest,wrong,1,0,0,4;4;4;4;4;4;4;4
order-221,pinned-latest,reject,0,0,0,
order-221,immutable-pinned,correct,1,1,1,1;1;1;1;1;1;1;1
order-222,content-latest,wrong,1,0,0,4;4;4;4;4;4;4;4
order-222,attempt-latest,wrong,1,0,0,4;4;4;4;4;4;4;4
order-222,pinned-latest,reject,0,0,0,
order-222,immutable-pinned,correct,1,1,1,1;1;1;1;1;1;1;1
order-223,content-latest,wrong,1,0,0,4;4;4;4;4;4;4;4
order-223,attempt-latest,wrong,1,0,0,4;4;4;4;4;4;4;4
order-223,pinned-latest,reject,0,0,0,
order-223,immutable-pinned,correct,1,1,1,1;1;1;1;1;1;1;1
order-224,content-latest,wrong,1,0,0,3;3;3;3;3;3;3;3
order-224,attempt-latest,wrong,1,0,0,3;3;3;3;3;3;3;3
order-224,pinned-latest,reject,0,0,0,
order-224,immutable-pinned,correct,1,1,1,1;1;1;1;1;1;1;1
order-225,content-latest,wrong,1,0,0,3;3;3;3;3;3;3;3
order-225,attempt-latest,wrong,1,0,0,3;3;3;3;3;3;3;3
order-225,pinned-latest,reject,0,0,0,
order-225,immutable-pinned,correct,1,1,1,1;1;1;1;1;1;1;1
order-226,content-latest,wrong,1,0,0,4;4;4;4;4;4;4;4
order-226,attempt-latest,wrong,1,0,0,4;4;4;4;4;4;4;4
order-226,pinned-latest,reject,0,0,0,
order-226,immutable-pinned,correct,1,1,1,1;1;1;1;1;1;1;1
order-227,content-latest,wrong,1,0,0,3;3;3;3;3;3;3;3
order-227,attempt-latest,wrong,1,0,0,3;3;3;3;3;3;3;3
order-227,pinned-latest,reject,0,0,0,
order-227,immutable-pinned,correct,1,1,1,1;1;1;1;1;1;1;1
order-228,content-latest,wrong,1,0,0,3;3;3;3;3;3;3;3
order-228,attempt-latest,wrong,1,0,0,3;3;3;3;3;3;3;3
order-228,pinned-latest,reject,0,0,0,
order-228,immutable-pinned,correct,1,1,1,1;1;1;1;1;1;1;1
order-229,content-latest,wrong,1,0,0,3;3;3;3;3;3;3;3
order-229,attempt-latest,wrong,1,0,0,3;3;3;3;3;3;3;3
order-229,pinned-latest,reject,0,0,0,
order-229,immutable-pinned,correct,1,1,1,1;1;1;1;1;1;1;1
order-230,content-latest,wrong,1,0,0,3;3;3;3;3;3;3;3
order-230,attempt-latest,wrong,1,0,0,3;3;3;3;3;3;3;3
order-230,pinned-latest,reject,0,0,0,
order-230,immutable-pinned,correct,1,1,1,1;1;1;1;1;1;1;1
order-231,content-latest,wrong,1,0,0,3;3;3;3;3;3;3;3
order-231,attempt-latest,wrong,1,0,0,3;3;3;3;3;3;3;3
order-231,pinned-latest,reject,0,0,0,
order-231,immutable-pinned,correct,1,1,1,1;1;1;1;1;1;1;1
order-232,content-latest,wrong,1,0,0,3;3;3;3;3;3;3;3
order-232,attempt-latest,wrong,1,0,0,3;3;3;3;3;3;3;3
order-232,pinned-latest,reject,0,0,0,
order-232,immutable-pinned,correct,1,1,1,1;1;1;1;1;1;1;1
order-233,content-latest,wrong,1,0,0,3;3;3;3;3;3;3;3
order-233,attempt-latest,wrong,1,0,0,3;3;3;3;3;3;3;3
order-233,pinned-latest,reject,0,0,0,
order-233,immutable-pinned,correct,1,1,1,1;1;1;1;1;1;1;1
order-234,content-latest,wrong,1,0,0,4;4;4;4;4;4;4;4
order-234,attempt-latest,wrong,1,0,0,4;4;4;4;4;4;4;4
order-234,pinned-latest,reject,0,0,0,
order-234,immutable-pinned,correct,1,1,1,1;1;1;1;1;1;1;1
order-235,content-latest,wrong,1,0,0,4;4;4;4;4;4;4;4
order-235,attempt-latest,wrong,1,0,0,4;4;4;4;4;4;4;4
order-235,pinned-latest,reject,0,0,0,
order-235,immutable-pinned,correct,1,1,1,1;1;1;1;1;1;1;1
order-236,content-latest,wrong,1,0,0,4;4;4;4;4;4;4;4
order-236,attempt-latest,wrong,1,0,0,4;4;4;4;4;4;4;4
order-236,pinned-latest,reject,0,0,0,
order-236,immutable-pinned,correct,1,1,1,1;1;1;1;1;1;1;1
order-237,content-latest,wrong,1,0,0,3;3;3;3;3;3;3;3
order-237,attempt-latest,wrong,1,0,0,3;3;3;3;3;3;3;3
order-237,pinned-latest,reject,0,0,0,
order-237,immutable-pinned,correct,1,1,1,1;1;1;1;1;1;1;1
order-238,content-latest,wrong,1,0,0,3;3;3;3;3;3;3;3
order-238,attempt-latest,wrong,1,0,0,3;3;3;3;3;3;3;3
order-238,pinned-latest,reject,0,0,0,
order-238,immutable-pinned,correct,1,1,1,1;1;1;1;1;1;1;1
order-239,content-latest,wrong,1,0,0,3;3;3;3;3;3;3;3
order-239,attempt-latest,wrong,1,0,0,3;3;3;3;3;3;3;3
order-239,pinned-latest,reject,0,0,0,
order-239,immutable-pinned,correct,1,1,1,1;1;1;1;1;1;1;1
order-240,content-latest,correct,1,1,0,1;1;1;1;1;1;1;1
order-240,attempt-latest,correct,1,1,0,1;1;1;1;1;1;1;1
order-240,pinned-latest,reject,0,0,0,
order-240,immutable-pinned,correct,1,1,1,1;1;1;1;1;1;1;1
order-241,content-latest,correct,1,1,0,1;1;1;1;1;1;1;1
order-241,attempt-latest,correct,1,1,0,1;1;1;1;1;1;1;1
order-241,pinned-latest,reject,0,0,0,
order-241,immutable-pinned,correct,1,1,1,1;1;1;1;1;1;1;1
order-242,content-latest,correct,1,1,0,1;1;1;1;1;1;1;1
order-242,attempt-latest,correct,1,1,0,1;1;1;1;1;1;1;1
order-242,pinned-latest,reject,0,0,0,
order-242,immutable-pinned,correct,1,1,1,1;1;1;1;1;1;1;1
order-243,content-latest,correct,1,1,0,1;1;1;1;1;1;1;1
order-243,attempt-latest,correct,1,1,0,1;1;1;1;1;1;1;1
order-243,pinned-latest,reject,0,0,0,
order-243,immutable-pinned,correct,1,1,1,1;1;1;1;1;1;1;1
order-244,content-latest,correct,1,1,0,1;1;1;1;1;1;1;1
order-244,attempt-latest,correct,1,1,0,1;1;1;1;1;1;1;1
order-244,pinned-latest,reject,0,0,0,
order-244,immutable-pinned,correct,1,1,1,1;1;1;1;1;1;1;1
order-245,content-latest,correct,1,1,0,1;1;1;1;1;1;1;1
order-245,attempt-latest,correct,1,1,0,1;1;1;1;1;1;1;1
order-245,pinned-latest,reject,0,0,0,
order-245,immutable-pinned,correct,1,1,1,1;1;1;1;1;1;1;1
order-246,content-latest,correct,1,1,0,1;1;1;1;1;1;1;1
order-246,attempt-latest,correct,1,1,0,1;1;1;1;1;1;1;1
order-246,pinned-latest,reject,0,0,0,
order-246,immutable-pinned,correct,1,1,1,1;1;1;1;1;1;1;1
order-247,content-latest,correct,1,1,0,1;1;1;1;1;1;1;1
order-247,attempt-latest,correct,1,1,0,1;1;1;1;1;1;1;1
order-247,pinned-latest,reject,0,0,0,
order-247,immutable-pinned,correct,1,1,1,1;1;1;1;1;1;1;1
order-248,content-latest,wrong,1,0,0,100;100;100;100;100;100;100;100
order-248,attempt-latest,wrong,1,0,0,100;100;100;100;100;100;100;100
order-248,pinned-latest,reject,0,0,0,
order-248,immutable-pinned,correct,1,1,1,1;1;1;1;1;1;1;1
order-249,content-latest,wrong,1,0,0,100;100;100;100;100;100;100;100
order-249,attempt-latest,wrong,1,0,0,100;100;100;100;100;100;100;100
order-249,pinned-latest,reject,0,0,0,
order-249,immutable-pinned,correct,1,1,1,1;1;1;1;1;1;1;1
order-250,content-latest,correct,1,1,0,1;1;1;1;1;1;1;1
order-250,attempt-latest,correct,1,1,0,1;1;1;1;1;1;1;1
order-250,pinned-latest,reject,0,0,0,
order-250,immutable-pinned,correct,1,1,1,1;1;1;1;1;1;1;1
order-251,content-latest,wrong,1,0,0,100;100;100;100;100;100;100;100
order-251,attempt-latest,wrong,1,0,0,100;100;100;100;100;100;100;100
order-251,pinned-latest,reject,0,0,0,
order-251,immutable-pinned,correct,1,1,1,1;1;1;1;1;1;1;1
order-252,content-latest,wrong,1,0,0,100;100;100;100;100;100;100;100
order-252,attempt-latest,wrong,1,0,0,100;100;100;100;100;100;100;100
order-252,pinned-latest,reject,0,0,0,
order-252,immutable-pinned,correct,1,1,1,1;1;1;1;1;1;1;1
order-253,content-latest,wrong,1,0,0,100;100;100;100;100;100;100;100
order-253,attempt-latest,wrong,1,0,0,100;100;100;100;100;100;100;100
order-253,pinned-latest,reject,0,0,0,
order-253,immutable-pinned,correct,1,1,1,1;1;1;1;1;1;1;1
order-254,content-latest,wrong,1,0,0,100;100;100;100;100;100;100;100
order-254,attempt-latest,wrong,1,0,0,100;100;100;100;100;100;100;100
order-254,pinned-latest,reject,0,0,0,
order-254,immutable-pinned,correct,1,1,1,1;1;1;1;1;1;1;1
order-255,content-latest,wrong,1,0,0,100;100;100;100;100;100;100;100
order-255,attempt-latest,wrong,1,0,0,100;100;100;100;100;100;100;100
order-255,pinned-latest,reject,0,0,0,
order-255,immutable-pinned,correct,1,1,1,1;1;1;1;1;1;1;1
order-256,content-latest,wrong,1,0,0,100;100;100;100;100;100;100;100
order-256,attempt-latest,wrong,1,0,0,100;100;100;100;100;100;100;100
order-256,pinned-latest,reject,0,0,0,
order-256,immutable-pinned,correct,1,1,1,1;1;1;1;1;1;1;1
order-257,content-latest,wrong,1,0,0,100;100;100;100;100;100;100;100
order-257,attempt-latest,wrong,1,0,0,100;100;100;100;100;100;100;100
order-257,pinned-latest,reject,0,0,0,
order-257,immutable-pinned,correct,1,1,1,1;1;1;1;1;1;1;1
order-258,content-latest,correct,1,1,0,1;1;1;1;1;1;1;1
order-258,attempt-latest,correct,1,1,0,1;1;1;1;1;1;1;1
order-258,pinned-latest,reject,0,0,0,
order-258,immutable-pinned,correct,1,1,1,1;1;1;1;1;1;1;1
order-259,content-latest,correct,1,1,0,1;1;1;1;1;1;1;1
order-259,attempt-latest,correct,1,1,0,1;1;1;1;1;1;1;1
order-259,pinned-latest,reject,0,0,0,
order-259,immutable-pinned,correct,1,1,1,1;1;1;1;1;1;1;1
order-260,content-latest,correct,1,1,0,1;1;1;1;1;1;1;1
order-260,attempt-latest,correct,1,1,0,1;1;1;1;1;1;1;1
order-260,pinned-latest,reject,0,0,0,
order-260,immutable-pinned,correct,1,1,1,1;1;1;1;1;1;1;1
order-261,content-latest,wrong,1,0,0,100;100;100;100;100;100;100;100
order-261,attempt-latest,wrong,1,0,0,100;100;100;100;100;100;100;100
order-261,pinned-latest,reject,0,0,0,
order-261,immutable-pinned,correct,1,1,1,1;1;1;1;1;1;1;1
order-262,content-latest,wrong,1,0,0,100;100;100;100;100;100;100;100
order-262,attempt-latest,wrong,1,0,0,100;100;100;100;100;100;100;100
order-262,pinned-latest,reject,0,0,0,
order-262,immutable-pinned,correct,1,1,1,1;1;1;1;1;1;1;1
order-263,content-latest,wrong,1,0,0,100;100;100;100;100;100;100;100
order-263,attempt-latest,wrong,1,0,0,100;100;100;100;100;100;100;100
order-263,pinned-latest,reject,0,0,0,
order-263,immutable-pinned,correct,1,1,1,1;1;1;1;1;1;1;1
order-264,content-latest,correct,1,1,0,1;1;1;1;1;1;1;1
order-264,attempt-latest,correct,1,1,0,1;1;1;1;1;1;1;1
order-264,pinned-latest,reject,0,0,0,
order-264,immutable-pinned,correct,1,1,1,1;1;1;1;1;1;1;1
order-265,content-latest,correct,1,1,0,1;1;1;1;1;1;1;1
order-265,attempt-latest,correct,1,1,0,1;1;1;1;1;1;1;1
order-265,pinned-latest,reject,0,0,0,
order-265,immutable-pinned,correct,1,1,1,1;1;1;1;1;1;1;1
order-266,content-latest,correct,1,1,0,1;1;1;1;1;1;1;1
order-266,attempt-latest,correct,1,1,0,1;1;1;1;1;1;1;1
order-266,pinned-latest,reject,0,0,0,
order-266,immutable-pinned,correct,1,1,1,1;1;1;1;1;1;1;1
order-267,content-latest,correct,1,1,0,1;1;1;1;1;1;1;1
order-267,attempt-latest,correct,1,1,0,1;1;1;1;1;1;1;1
order-267,pinned-latest,reject,0,0,0,
order-267,immutable-pinned,correct,1,1,1,1;1;1;1;1;1;1;1
order-268,content-latest,correct,1,1,0,1;1;1;1;1;1;1;1
order-268,attempt-latest,correct,1,1,0,1;1;1;1;1;1;1;1
order-268,pinned-latest,reject,0,0,0,
order-268,immutable-pinned,correct,1,1,1,1;1;1;1;1;1;1;1
order-269,content-latest,correct,1,1,0,1;1;1;1;1;1;1;1
order-269,attempt-latest,correct,1,1,0,1;1;1;1;1;1;1;1
order-269,pinned-latest,reject,0,0,0,
order-269,immutable-pinned,correct,1,1,1,1;1;1;1;1;1;1;1
order-270,content-latest,wrong,1,0,0,0;0;0;0;0;0;0;0
order-270,attempt-latest,wrong,1,0,0,0;0;0;0;0;0;0;0
order-270,pinned-latest,reject,0,0,0,
order-270,immutable-pinned,correct,1,1,1,1;1;1;1;1;1;1;1
order-271,content-latest,wrong,1,0,0,0;0;0;0;0;0;0;0
order-271,attempt-latest,wrong,1,0,0,0;0;0;0;0;0;0;0
order-271,pinned-latest,reject,0,0,0,
order-271,immutable-pinned,correct,1,1,1,1;1;1;1;1;1;1;1
order-272,content-latest,wrong,1,0,0,0;0;0;0;0;0;0;0
order-272,attempt-latest,wrong,1,0,0,0;0;0;0;0;0;0;0
order-272,pinned-latest,reject,0,0,0,
order-272,immutable-pinned,correct,1,1,1,1;1;1;1;1;1;1;1
order-273,content-latest,wrong,1,0,0,0;0;0;0;0;0;0;0
order-273,attempt-latest,wrong,1,0,0,0;0;0;0;0;0;0;0
order-273,pinned-latest,reject,0,0,0,
order-273,immutable-pinned,correct,1,1,1,1;1;1;1;1;1;1;1
order-274,content-latest,wrong,1,0,0,0;0;0;0;0;0;0;0
order-274,attempt-latest,wrong,1,0,0,0;0;0;0;0;0;0;0
order-274,pinned-latest,reject,0,0,0,
order-274,immutable-pinned,correct,1,1,1,1;1;1;1;1;1;1;1
order-275,content-latest,wrong,1,0,0,0;0;0;0;0;0;0;0
order-275,attempt-latest,wrong,1,0,0,0;0;0;0;0;0;0;0
order-275,pinned-latest,reject,0,0,0,
order-275,immutable-pinned,correct,1,1,1,1;1;1;1;1;1;1;1
order-276,content-latest,correct,1,1,0,1;1;1;1;1;1;1;1
order-276,attempt-latest,correct,1,1,0,1;1;1;1;1;1;1;1
order-276,pinned-latest,reject,0,0,0,
order-276,immutable-pinned,correct,1,1,1,1;1;1;1;1;1;1;1
order-277,content-latest,correct,1,1,0,1;1;1;1;1;1;1;1
order-277,attempt-latest,correct,1,1,0,1;1;1;1;1;1;1;1
order-277,pinned-latest,reject,0,0,0,
order-277,immutable-pinned,correct,1,1,1,1;1;1;1;1;1;1;1
order-278,content-latest,wrong,1,0,0,0;0;0;0;0;0;0;0
order-278,attempt-latest,wrong,1,0,0,0;0;0;0;0;0;0;0
order-278,pinned-latest,reject,0,0,0,
order-278,immutable-pinned,correct,1,1,1,1;1;1;1;1;1;1;1
order-279,content-latest,wrong,1,0,0,0;0;0;0;0;0;0;0
order-279,attempt-latest,wrong,1,0,0,0;0;0;0;0;0;0;0
order-279,pinned-latest,reject,0,0,0,
order-279,immutable-pinned,correct,1,1,1,1;1;1;1;1;1;1;1
order-280,content-latest,correct,1,1,0,1;1;1;1;1;1;1;1
order-280,attempt-latest,correct,1,1,0,1;1;1;1;1;1;1;1
order-280,pinned-latest,reject,0,0,0,
order-280,immutable-pinned,correct,1,1,1,1;1;1;1;1;1;1;1
order-281,content-latest,wrong,1,0,0,0;0;0;0;0;0;0;0
order-281,attempt-latest,wrong,1,0,0,0;0;0;0;0;0;0;0
order-281,pinned-latest,reject,0,0,0,
order-281,immutable-pinned,correct,1,1,1,1;1;1;1;1;1;1;1
order-282,content-latest,correct,1,1,0,1;1;1;1;1;1;1;1
order-282,attempt-latest,correct,1,1,0,1;1;1;1;1;1;1;1
order-282,pinned-latest,reject,0,0,0,
order-282,immutable-pinned,correct,1,1,1,1;1;1;1;1;1;1;1
order-283,content-latest,correct,1,1,0,1;1;1;1;1;1;1;1
order-283,attempt-latest,correct,1,1,0,1;1;1;1;1;1;1;1
order-283,pinned-latest,reject,0,0,0,
order-283,immutable-pinned,correct,1,1,1,1;1;1;1;1;1;1;1
order-284,content-latest,wrong,1,0,0,0;0;0;0;0;0;0;0
order-284,attempt-latest,wrong,1,0,0,0;0;0;0;0;0;0;0
order-284,pinned-latest,reject,0,0,0,
order-284,immutable-pinned,correct,1,1,1,1;1;1;1;1;1;1;1
order-285,content-latest,wrong,1,0,0,0;0;0;0;0;0;0;0
order-285,attempt-latest,wrong,1,0,0,0;0;0;0;0;0;0;0
order-285,pinned-latest,reject,0,0,0,
order-285,immutable-pinned,correct,1,1,1,1;1;1;1;1;1;1;1
order-286,content-latest,correct,1,1,0,1;1;1;1;1;1;1;1
order-286,attempt-latest,correct,1,1,0,1;1;1;1;1;1;1;1
order-286,pinned-latest,reject,0,0,0,
order-286,immutable-pinned,correct,1,1,1,1;1;1;1;1;1;1;1
order-287,content-latest,wrong,1,0,0,0;0;0;0;0;0;0;0
order-287,attempt-latest,wrong,1,0,0,0;0;0;0;0;0;0;0
order-287,pinned-latest,reject,0,0,0,
order-287,immutable-pinned,correct,1,1,1,1;1;1;1;1;1;1;1
order-288,content-latest,wrong,1,0,0,0;0;0;0;0;0;0;0
order-288,attempt-latest,wrong,1,0,0,0;0;0;0;0;0;0;0
order-288,pinned-latest,reject,0,0,0,
order-288,immutable-pinned,correct,1,1,1,1;1;1;1;1;1;1;1
order-289,content-latest,wrong,1,0,0,0;0;0;0;0;0;0;0
order-289,attempt-latest,wrong,1,0,0,0;0;0;0;0;0;0;0
order-289,pinned-latest,reject,0,0,0,
order-289,immutable-pinned,correct,1,1,1,1;1;1;1;1;1;1;1
order-290,content-latest,wrong,1,0,0,99;99;99;99;99;99;99;99
order-290,attempt-latest,wrong,1,0,0,99;99;99;99;99;99;99;99
order-290,pinned-latest,reject,0,0,0,
order-290,immutable-pinned,correct,1,1,1,1;1;1;1;1;1;1;1
order-291,content-latest,wrong,1,0,0,99;99;99;99;99;99;99;99
order-291,attempt-latest,wrong,1,0,0,99;99;99;99;99;99;99;99
order-291,pinned-latest,reject,0,0,0,
order-291,immutable-pinned,correct,1,1,1,1;1;1;1;1;1;1;1
order-292,content-latest,wrong,1,0,0,0;0;0;0;0;0;0;0
order-292,attempt-latest,wrong,1,0,0,0;0;0;0;0;0;0;0
order-292,pinned-latest,reject,0,0,0,
order-292,immutable-pinned,correct,1,1,1,1;1;1;1;1;1;1;1
order-293,content-latest,wrong,1,0,0,99;99;99;99;99;99;99;99
order-293,attempt-latest,wrong,1,0,0,99;99;99;99;99;99;99;99
order-293,pinned-latest,reject,0,0,0,
order-293,immutable-pinned,correct,1,1,1,1;1;1;1;1;1;1;1
order-294,content-latest,wrong,1,0,0,0;0;0;0;0;0;0;0
order-294,attempt-latest,wrong,1,0,0,0;0;0;0;0;0;0;0
order-294,pinned-latest,reject,0,0,0,
order-294,immutable-pinned,correct,1,1,1,1;1;1;1;1;1;1;1
order-295,content-latest,wrong,1,0,0,0;0;0;0;0;0;0;0
order-295,attempt-latest,wrong,1,0,0,0;0;0;0;0;0;0;0
order-295,pinned-latest,reject,0,0,0,
order-295,immutable-pinned,correct,1,1,1,1;1;1;1;1;1;1;1
order-296,content-latest,wrong,1,0,0,0;0;0;0;0;0;0;0
order-296,attempt-latest,wrong,1,0,0,0;0;0;0;0;0;0;0
order-296,pinned-latest,reject,0,0,0,
order-296,immutable-pinned,correct,1,1,1,1;1;1;1;1;1;1;1
order-297,content-latest,wrong,1,0,0,0;0;0;0;0;0;0;0
order-297,attempt-latest,wrong,1,0,0,0;0;0;0;0;0;0;0
order-297,pinned-latest,reject,0,0,0,
order-297,immutable-pinned,correct,1,1,1,1;1;1;1;1;1;1;1
order-298,content-latest,wrong,1,0,0,0;0;0;0;0;0;0;0
order-298,attempt-latest,wrong,1,0,0,0;0;0;0;0;0;0;0
order-298,pinned-latest,reject,0,0,0,
order-298,immutable-pinned,correct,1,1,1,1;1;1;1;1;1;1;1
order-299,content-latest,wrong,1,0,0,0;0;0;0;0;0;0;0
order-299,attempt-latest,wrong,1,0,0,0;0;0;0;0;0;0;0
order-299,pinned-latest,reject,0,0,0,
order-299,immutable-pinned,correct,1,1,1,1;1;1;1;1;1;1;1
order-300,content-latest,wrong,1,0,0,99;99;99;99;99;99;99;99
order-300,attempt-latest,wrong,1,0,0,99;99;99;99;99;99;99;99
order-300,pinned-latest,reject,0,0,0,
order-300,immutable-pinned,correct,1,1,1,1;1;1;1;1;1;1;1
order-301,content-latest,wrong,1,0,0,99;99;99;99;99;99;99;99
order-301,attempt-latest,wrong,1,0,0,99;99;99;99;99;99;99;99
order-301,pinned-latest,reject,0,0,0,
order-301,immutable-pinned,correct,1,1,1,1;1;1;1;1;1;1;1
order-302,content-latest,wrong,1,0,0,99;99;99;99;99;99;99;99
order-302,attempt-latest,wrong,1,0,0,99;99;99;99;99;99;99;99
order-302,pinned-latest,reject,0,0,0,
order-302,immutable-pinned,correct,1,1,1,1;1;1;1;1;1;1;1
order-303,content-latest,wrong,1,0,0,99;99;99;99;99;99;99;99
order-303,attempt-latest,wrong,1,0,0,99;99;99;99;99;99;99;99
order-303,pinned-latest,reject,0,0,0,
order-303,immutable-pinned,correct,1,1,1,1;1;1;1;1;1;1;1
order-304,content-latest,wrong,1,0,0,99;99;99;99;99;99;99;99
order-304,attempt-latest,wrong,1,0,0,99;99;99;99;99;99;99;99
order-304,pinned-latest,reject,0,0,0,
order-304,immutable-pinned,correct,1,1,1,1;1;1;1;1;1;1;1
order-305,content-latest,wrong,1,0,0,99;99;99;99;99;99;99;99
order-305,attempt-latest,wrong,1,0,0,99;99;99;99;99;99;99;99
order-305,pinned-latest,reject,0,0,0,
order-305,immutable-pinned,correct,1,1,1,1;1;1;1;1;1;1;1
order-306,content-latest,wrong,1,0,0,0;0;0;0;0;0;0;0
order-306,attempt-latest,wrong,1,0,0,0;0;0;0;0;0;0;0
order-306,pinned-latest,reject,0,0,0,
order-306,immutable-pinned,correct,1,1,1,1;1;1;1;1;1;1;1
order-307,content-latest,wrong,1,0,0,99;99;99;99;99;99;99;99
order-307,attempt-latest,wrong,1,0,0,99;99;99;99;99;99;99;99
order-307,pinned-latest,reject,0,0,0,
order-307,immutable-pinned,correct,1,1,1,1;1;1;1;1;1;1;1
order-308,content-latest,wrong,1,0,0,0;0;0;0;0;0;0;0
order-308,attempt-latest,wrong,1,0,0,0;0;0;0;0;0;0;0
order-308,pinned-latest,reject,0,0,0,
order-308,immutable-pinned,correct,1,1,1,1;1;1;1;1;1;1;1
order-309,content-latest,wrong,1,0,0,0;0;0;0;0;0;0;0
order-309,attempt-latest,wrong,1,0,0,0;0;0;0;0;0;0;0
order-309,pinned-latest,reject,0,0,0,
order-309,immutable-pinned,correct,1,1,1,1;1;1;1;1;1;1;1
order-310,content-latest,wrong,1,0,0,99;99;99;99;99;99;99;99
order-310,attempt-latest,wrong,1,0,0,99;99;99;99;99;99;99;99
order-310,pinned-latest,reject,0,0,0,
order-310,immutable-pinned,correct,1,1,1,1;1;1;1;1;1;1;1
order-311,content-latest,wrong,1,0,0,99;99;99;99;99;99;99;99
order-311,attempt-latest,wrong,1,0,0,99;99;99;99;99;99;99;99
order-311,pinned-latest,reject,0,0,0,
order-311,immutable-pinned,correct,1,1,1,1;1;1;1;1;1;1;1
order-312,content-latest,wrong,1,0,0,100;100;100;100;100;100;100;100
order-312,attempt-latest,wrong,1,0,0,100;100;100;100;100;100;100;100
order-312,pinned-latest,reject,0,0,0,
order-312,immutable-pinned,correct,1,1,1,1;1;1;1;1;1;1;1
order-313,content-latest,wrong,1,0,0,100;100;100;100;100;100;100;100
order-313,attempt-latest,wrong,1,0,0,100;100;100;100;100;100;100;100
order-313,pinned-latest,reject,0,0,0,
order-313,immutable-pinned,correct,1,1,1,1;1;1;1;1;1;1;1
order-314,content-latest,wrong,1,0,0,100;100;100;100;100;100;100;100
order-314,attempt-latest,wrong,1,0,0,100;100;100;100;100;100;100;100
order-314,pinned-latest,reject,0,0,0,
order-314,immutable-pinned,correct,1,1,1,1;1;1;1;1;1;1;1
order-315,content-latest,wrong,1,0,0,100;100;100;100;100;100;100;100
order-315,attempt-latest,wrong,1,0,0,100;100;100;100;100;100;100;100
order-315,pinned-latest,reject,0,0,0,
order-315,immutable-pinned,correct,1,1,1,1;1;1;1;1;1;1;1
order-316,content-latest,wrong,1,0,0,100;100;100;100;100;100;100;100
order-316,attempt-latest,wrong,1,0,0,100;100;100;100;100;100;100;100
order-316,pinned-latest,reject,0,0,0,
order-316,immutable-pinned,correct,1,1,1,1;1;1;1;1;1;1;1
order-317,content-latest,wrong,1,0,0,100;100;100;100;100;100;100;100
order-317,attempt-latest,wrong,1,0,0,100;100;100;100;100;100;100;100
order-317,pinned-latest,reject,0,0,0,
order-317,immutable-pinned,correct,1,1,1,1;1;1;1;1;1;1;1
order-318,content-latest,wrong,1,0,0,100;100;100;100;100;100;100;100
order-318,attempt-latest,wrong,1,0,0,100;100;100;100;100;100;100;100
order-318,pinned-latest,reject,0,0,0,
order-318,immutable-pinned,correct,1,1,1,1;1;1;1;1;1;1;1
order-319,content-latest,wrong,1,0,0,100;100;100;100;100;100;100;100
order-319,attempt-latest,wrong,1,0,0,100;100;100;100;100;100;100;100
order-319,pinned-latest,reject,0,0,0,
order-319,immutable-pinned,correct,1,1,1,1;1;1;1;1;1;1;1
order-320,content-latest,wrong,1,0,0,99;99;99;99;99;99;99;99
order-320,attempt-latest,wrong,1,0,0,99;99;99;99;99;99;99;99
order-320,pinned-latest,reject,0,0,0,
order-320,immutable-pinned,correct,1,1,1,1;1;1;1;1;1;1;1
order-321,content-latest,wrong,1,0,0,99;99;99;99;99;99;99;99
order-321,attempt-latest,wrong,1,0,0,99;99;99;99;99;99;99;99
order-321,pinned-latest,reject,0,0,0,
order-321,immutable-pinned,correct,1,1,1,1;1;1;1;1;1;1;1
order-322,content-latest,wrong,1,0,0,100;100;100;100;100;100;100;100
order-322,attempt-latest,wrong,1,0,0,100;100;100;100;100;100;100;100
order-322,pinned-latest,reject,0,0,0,
order-322,immutable-pinned,correct,1,1,1,1;1;1;1;1;1;1;1
order-323,content-latest,wrong,1,0,0,99;99;99;99;99;99;99;99
order-323,attempt-latest,wrong,1,0,0,99;99;99;99;99;99;99;99
order-323,pinned-latest,reject,0,0,0,
order-323,immutable-pinned,correct,1,1,1,1;1;1;1;1;1;1;1
order-324,content-latest,wrong,1,0,0,99;99;99;99;99;99;99;99
order-324,attempt-latest,wrong,1,0,0,99;99;99;99;99;99;99;99
order-324,pinned-latest,reject,0,0,0,
order-324,immutable-pinned,correct,1,1,1,1;1;1;1;1;1;1;1
order-325,content-latest,wrong,1,0,0,99;99;99;99;99;99;99;99
order-325,attempt-latest,wrong,1,0,0,99;99;99;99;99;99;99;99
order-325,pinned-latest,reject,0,0,0,
order-325,immutable-pinned,correct,1,1,1,1;1;1;1;1;1;1;1
order-326,content-latest,wrong,1,0,0,99;99;99;99;99;99;99;99
order-326,attempt-latest,wrong,1,0,0,99;99;99;99;99;99;99;99
order-326,pinned-latest,reject,0,0,0,
order-326,immutable-pinned,correct,1,1,1,1;1;1;1;1;1;1;1
order-327,content-latest,wrong,1,0,0,99;99;99;99;99;99;99;99
order-327,attempt-latest,wrong,1,0,0,99;99;99;99;99;99;99;99
order-327,pinned-latest,reject,0,0,0,
order-327,immutable-pinned,correct,1,1,1,1;1;1;1;1;1;1;1
order-328,content-latest,wrong,1,0,0,99;99;99;99;99;99;99;99
order-328,attempt-latest,wrong,1,0,0,99;99;99;99;99;99;99;99
order-328,pinned-latest,reject,0,0,0,
order-328,immutable-pinned,correct,1,1,1,1;1;1;1;1;1;1;1
order-329,content-latest,wrong,1,0,0,99;99;99;99;99;99;99;99
order-329,attempt-latest,wrong,1,0,0,99;99;99;99;99;99;99;99
order-329,pinned-latest,reject,0,0,0,
order-329,immutable-pinned,correct,1,1,1,1;1;1;1;1;1;1;1
order-330,content-latest,wrong,1,0,0,100;100;100;100;100;100;100;100
order-330,attempt-latest,wrong,1,0,0,100;100;100;100;100;100;100;100
order-330,pinned-latest,reject,0,0,0,
order-330,immutable-pinned,correct,1,1,1,1;1;1;1;1;1;1;1
order-331,content-latest,wrong,1,0,0,100;100;100;100;100;100;100;100
order-331,attempt-latest,wrong,1,0,0,100;100;100;100;100;100;100;100
order-331,pinned-latest,reject,0,0,0,
order-331,immutable-pinned,correct,1,1,1,1;1;1;1;1;1;1;1
order-332,content-latest,wrong,1,0,0,100;100;100;100;100;100;100;100
order-332,attempt-latest,wrong,1,0,0,100;100;100;100;100;100;100;100
order-332,pinned-latest,reject,0,0,0,
order-332,immutable-pinned,correct,1,1,1,1;1;1;1;1;1;1;1
order-333,content-latest,wrong,1,0,0,99;99;99;99;99;99;99;99
order-333,attempt-latest,wrong,1,0,0,99;99;99;99;99;99;99;99
order-333,pinned-latest,reject,0,0,0,
order-333,immutable-pinned,correct,1,1,1,1;1;1;1;1;1;1;1
order-334,content-latest,wrong,1,0,0,99;99;99;99;99;99;99;99
order-334,attempt-latest,wrong,1,0,0,99;99;99;99;99;99;99;99
order-334,pinned-latest,reject,0,0,0,
order-334,immutable-pinned,correct,1,1,1,1;1;1;1;1;1;1;1
order-335,content-latest,wrong,1,0,0,99;99;99;99;99;99;99;99
order-335,attempt-latest,wrong,1,0,0,99;99;99;99;99;99;99;99
order-335,pinned-latest,reject,0,0,0,
order-335,immutable-pinned,correct,1,1,1,1;1;1;1;1;1;1;1
order-336,content-latest,correct,1,1,0,1;1;1;1;1;1;1;1
order-336,attempt-latest,correct,1,1,0,1;1;1;1;1;1;1;1
order-336,pinned-latest,reject,0,0,0,
order-336,immutable-pinned,correct,1,1,1,1;1;1;1;1;1;1;1
order-337,content-latest,correct,1,1,0,1;1;1;1;1;1;1;1
order-337,attempt-latest,correct,1,1,0,1;1;1;1;1;1;1;1
order-337,pinned-latest,reject,0,0,0,
order-337,immutable-pinned,correct,1,1,1,1;1;1;1;1;1;1;1
order-338,content-latest,correct,1,1,0,1;1;1;1;1;1;1;1
order-338,attempt-latest,correct,1,1,0,1;1;1;1;1;1;1;1
order-338,pinned-latest,reject,0,0,0,
order-338,immutable-pinned,correct,1,1,1,1;1;1;1;1;1;1;1
order-339,content-latest,wrong,1,0,0,100;100;100;100;100;100;100;100
order-339,attempt-latest,wrong,1,0,0,100;100;100;100;100;100;100;100
order-339,pinned-latest,reject,0,0,0,
order-339,immutable-pinned,correct,1,1,1,1;1;1;1;1;1;1;1
order-340,content-latest,wrong,1,0,0,100;100;100;100;100;100;100;100
order-340,attempt-latest,wrong,1,0,0,100;100;100;100;100;100;100;100
order-340,pinned-latest,reject,0,0,0,
order-340,immutable-pinned,correct,1,1,1,1;1;1;1;1;1;1;1
order-341,content-latest,wrong,1,0,0,100;100;100;100;100;100;100;100
order-341,attempt-latest,wrong,1,0,0,100;100;100;100;100;100;100;100
order-341,pinned-latest,reject,0,0,0,
order-341,immutable-pinned,correct,1,1,1,1;1;1;1;1;1;1;1
order-342,content-latest,correct,1,1,0,1;1;1;1;1;1;1;1
order-342,attempt-latest,correct,1,1,0,1;1;1;1;1;1;1;1
order-342,pinned-latest,reject,0,0,0,
order-342,immutable-pinned,correct,1,1,1,1;1;1;1;1;1;1;1
order-343,content-latest,correct,1,1,0,1;1;1;1;1;1;1;1
order-343,attempt-latest,correct,1,1,0,1;1;1;1;1;1;1;1
order-343,pinned-latest,reject,0,0,0,
order-343,immutable-pinned,correct,1,1,1,1;1;1;1;1;1;1;1
order-344,content-latest,wrong,1,0,0,0;0;0;0;0;0;0;0
order-344,attempt-latest,wrong,1,0,0,0;0;0;0;0;0;0;0
order-344,pinned-latest,reject,0,0,0,
order-344,immutable-pinned,correct,1,1,1,1;1;1;1;1;1;1;1
order-345,content-latest,wrong,1,0,0,0;0;0;0;0;0;0;0
order-345,attempt-latest,wrong,1,0,0,0;0;0;0;0;0;0;0
order-345,pinned-latest,reject,0,0,0,
order-345,immutable-pinned,correct,1,1,1,1;1;1;1;1;1;1;1
order-346,content-latest,correct,1,1,0,1;1;1;1;1;1;1;1
order-346,attempt-latest,correct,1,1,0,1;1;1;1;1;1;1;1
order-346,pinned-latest,reject,0,0,0,
order-346,immutable-pinned,correct,1,1,1,1;1;1;1;1;1;1;1
order-347,content-latest,wrong,1,0,0,0;0;0;0;0;0;0;0
order-347,attempt-latest,wrong,1,0,0,0;0;0;0;0;0;0;0
order-347,pinned-latest,reject,0,0,0,
order-347,immutable-pinned,correct,1,1,1,1;1;1;1;1;1;1;1
order-348,content-latest,wrong,1,0,0,0;0;0;0;0;0;0;0
order-348,attempt-latest,wrong,1,0,0,0;0;0;0;0;0;0;0
order-348,pinned-latest,reject,0,0,0,
order-348,immutable-pinned,correct,1,1,1,1;1;1;1;1;1;1;1
order-349,content-latest,wrong,1,0,0,99;99;99;99;99;99;99;99
order-349,attempt-latest,wrong,1,0,0,99;99;99;99;99;99;99;99
order-349,pinned-latest,reject,0,0,0,
order-349,immutable-pinned,correct,1,1,1,1;1;1;1;1;1;1;1
order-350,content-latest,wrong,1,0,0,0;0;0;0;0;0;0;0
order-350,attempt-latest,wrong,1,0,0,0;0;0;0;0;0;0;0
order-350,pinned-latest,reject,0,0,0,
order-350,immutable-pinned,correct,1,1,1,1;1;1;1;1;1;1;1
order-351,content-latest,wrong,1,0,0,0;0;0;0;0;0;0;0
order-351,attempt-latest,wrong,1,0,0,0;0;0;0;0;0;0;0
order-351,pinned-latest,reject,0,0,0,
order-351,immutable-pinned,correct,1,1,1,1;1;1;1;1;1;1;1
order-352,content-latest,wrong,1,0,0,99;99;99;99;99;99;99;99
order-352,attempt-latest,wrong,1,0,0,99;99;99;99;99;99;99;99
order-352,pinned-latest,reject,0,0,0,
order-352,immutable-pinned,correct,1,1,1,1;1;1;1;1;1;1;1
order-353,content-latest,wrong,1,0,0,99;99;99;99;99;99;99;99
order-353,attempt-latest,wrong,1,0,0,99;99;99;99;99;99;99;99
order-353,pinned-latest,reject,0,0,0,
order-353,immutable-pinned,correct,1,1,1,1;1;1;1;1;1;1;1
order-354,content-latest,wrong,1,0,0,100;100;100;100;100;100;100;100
order-354,attempt-latest,wrong,1,0,0,100;100;100;100;100;100;100;100
order-354,pinned-latest,reject,0,0,0,
order-354,immutable-pinned,correct,1,1,1,1;1;1;1;1;1;1;1
order-355,content-latest,wrong,1,0,0,100;100;100;100;100;100;100;100
order-355,attempt-latest,wrong,1,0,0,100;100;100;100;100;100;100;100
order-355,pinned-latest,reject,0,0,0,
order-355,immutable-pinned,correct,1,1,1,1;1;1;1;1;1;1;1
order-356,content-latest,wrong,1,0,0,100;100;100;100;100;100;100;100
order-356,attempt-latest,wrong,1,0,0,100;100;100;100;100;100;100;100
order-356,pinned-latest,reject,0,0,0,
order-356,immutable-pinned,correct,1,1,1,1;1;1;1;1;1;1;1
order-357,content-latest,wrong,1,0,0,99;99;99;99;99;99;99;99
order-357,attempt-latest,wrong,1,0,0,99;99;99;99;99;99;99;99
order-357,pinned-latest,reject,0,0,0,
order-357,immutable-pinned,correct,1,1,1,1;1;1;1;1;1;1;1
order-358,content-latest,wrong,1,0,0,99;99;99;99;99;99;99;99
order-358,attempt-latest,wrong,1,0,0,99;99;99;99;99;99;99;99
order-358,pinned-latest,reject,0,0,0,
order-358,immutable-pinned,correct,1,1,1,1;1;1;1;1;1;1;1
order-359,content-latest,wrong,1,0,0,99;99;99;99;99;99;99;99
order-359,attempt-latest,wrong,1,0,0,99;99;99;99;99;99;99;99
order-359,pinned-latest,reject,0,0,0,
order-359,immutable-pinned,correct,1,1,1,1;1;1;1;1;1;1;1
order-360,content-latest,wrong,1,0,0,0;0;0;0;0;0;0;0
order-360,attempt-latest,wrong,1,0,0,0;0;0;0;0;0;0;0
order-360,pinned-latest,reject,0,0,0,
order-360,immutable-pinned,correct,1,1,1,1;1;1;1;1;1;1;1
order-361,content-latest,wrong,1,0,0,0;0;0;0;0;0;0;0
order-361,attempt-latest,wrong,1,0,0,0;0;0;0;0;0;0;0
order-361,pinned-latest,reject,0,0,0,
order-361,immutable-pinned,correct,1,1,1,1;1;1;1;1;1;1;1
order-362,content-latest,wrong,1,0,0,0;0;0;0;0;0;0;0
order-362,attempt-latest,wrong,1,0,0,0;0;0;0;0;0;0;0
order-362,pinned-latest,reject,0,0,0,
order-362,immutable-pinned,correct,1,1,1,1;1;1;1;1;1;1;1
order-363,content-latest,wrong,1,0,0,3;3;3;3;3;3;3;3
order-363,attempt-latest,wrong,1,0,0,3;3;3;3;3;3;3;3
order-363,pinned-latest,reject,0,0,0,
order-363,immutable-pinned,correct,1,1,1,1;1;1;1;1;1;1;1
order-364,content-latest,wrong,1,0,0,3;3;3;3;3;3;3;3
order-364,attempt-latest,wrong,1,0,0,3;3;3;3;3;3;3;3
order-364,pinned-latest,reject,0,0,0,
order-364,immutable-pinned,correct,1,1,1,1;1;1;1;1;1;1;1
order-365,content-latest,wrong,1,0,0,3;3;3;3;3;3;3;3
order-365,attempt-latest,wrong,1,0,0,3;3;3;3;3;3;3;3
order-365,pinned-latest,reject,0,0,0,
order-365,immutable-pinned,correct,1,1,1,1;1;1;1;1;1;1;1
order-366,content-latest,wrong,1,0,0,0;0;0;0;0;0;0;0
order-366,attempt-latest,wrong,1,0,0,0;0;0;0;0;0;0;0
order-366,pinned-latest,reject,0,0,0,
order-366,immutable-pinned,correct,1,1,1,1;1;1;1;1;1;1;1
order-367,content-latest,wrong,1,0,0,0;0;0;0;0;0;0;0
order-367,attempt-latest,wrong,1,0,0,0;0;0;0;0;0;0;0
order-367,pinned-latest,reject,0,0,0,
order-367,immutable-pinned,correct,1,1,1,1;1;1;1;1;1;1;1
order-368,content-latest,wrong,1,0,0,99;99;99;99;99;99;99;99
order-368,attempt-latest,wrong,1,0,0,99;99;99;99;99;99;99;99
order-368,pinned-latest,reject,0,0,0,
order-368,immutable-pinned,correct,1,1,1,1;1;1;1;1;1;1;1
order-369,content-latest,wrong,1,0,0,99;99;99;99;99;99;99;99
order-369,attempt-latest,wrong,1,0,0,99;99;99;99;99;99;99;99
order-369,pinned-latest,reject,0,0,0,
order-369,immutable-pinned,correct,1,1,1,1;1;1;1;1;1;1;1
order-370,content-latest,wrong,1,0,0,0;0;0;0;0;0;0;0
order-370,attempt-latest,wrong,1,0,0,0;0;0;0;0;0;0;0
order-370,pinned-latest,reject,0,0,0,
order-370,immutable-pinned,correct,1,1,1,1;1;1;1;1;1;1;1
order-371,content-latest,wrong,1,0,0,99;99;99;99;99;99;99;99
order-371,attempt-latest,wrong,1,0,0,99;99;99;99;99;99;99;99
order-371,pinned-latest,reject,0,0,0,
order-371,immutable-pinned,correct,1,1,1,1;1;1;1;1;1;1;1
order-372,content-latest,wrong,1,0,0,99;99;99;99;99;99;99;99
order-372,attempt-latest,wrong,1,0,0,99;99;99;99;99;99;99;99
order-372,pinned-latest,reject,0,0,0,
order-372,immutable-pinned,correct,1,1,1,1;1;1;1;1;1;1;1
order-373,content-latest,correct,1,1,1,1;1;1;1;1;1;1;1
order-373,attempt-latest,correct,1,1,1,1;1;1;1;1;1;1;1
order-373,pinned-latest,correct,1,1,1,1;1;1;1;1;1;1;1
order-373,immutable-pinned,correct,1,1,1,1;1;1;1;1;1;1;1
order-374,content-latest,wrong,1,0,0,99;99;99;99;99;99;99;99
order-374,attempt-latest,wrong,1,0,0,99;99;99;99;99;99;99;99
order-374,pinned-latest,reject,0,0,0,
order-374,immutable-pinned,correct,1,1,1,1;1;1;1;1;1;1;1
order-375,content-latest,wrong,1,0,0,99;99;99;99;99;99;99;99
order-375,attempt-latest,wrong,1,0,0,99;99;99;99;99;99;99;99
order-375,pinned-latest,reject,0,0,0,
order-375,immutable-pinned,correct,1,1,1,1;1;1;1;1;1;1;1
order-376,content-latest,correct,1,1,1,1;1;1;1;1;1;1;1
order-376,attempt-latest,correct,1,1,1,1;1;1;1;1;1;1;1
order-376,pinned-latest,correct,1,1,1,1;1;1;1;1;1;1;1
order-376,immutable-pinned,correct,1,1,1,1;1;1;1;1;1;1;1
order-377,content-latest,correct,1,1,1,1;1;1;1;1;1;1;1
order-377,attempt-latest,correct,1,1,1,1;1;1;1;1;1;1;1
order-377,pinned-latest,correct,1,1,1,1;1;1;1;1;1;1;1
order-377,immutable-pinned,correct,1,1,1,1;1;1;1;1;1;1;1
order-378,content-latest,wrong,1,0,0,3;3;3;3;3;3;3;3
order-378,attempt-latest,wrong,1,0,0,3;3;3;3;3;3;3;3
order-378,pinned-latest,reject,0,0,0,
order-378,immutable-pinned,correct,1,1,1,1;1;1;1;1;1;1;1
order-379,content-latest,wrong,1,0,0,3;3;3;3;3;3;3;3
order-379,attempt-latest,wrong,1,0,0,3;3;3;3;3;3;3;3
order-379,pinned-latest,reject,0,0,0,
order-379,immutable-pinned,correct,1,1,1,1;1;1;1;1;1;1;1
order-380,content-latest,wrong,1,0,0,3;3;3;3;3;3;3;3
order-380,attempt-latest,wrong,1,0,0,3;3;3;3;3;3;3;3
order-380,pinned-latest,reject,0,0,0,
order-380,immutable-pinned,correct,1,1,1,1;1;1;1;1;1;1;1
order-381,content-latest,correct,1,1,1,1;1;1;1;1;1;1;1
order-381,attempt-latest,correct,1,1,1,1;1;1;1;1;1;1;1
order-381,pinned-latest,correct,1,1,1,1;1;1;1;1;1;1;1
order-381,immutable-pinned,correct,1,1,1,1;1;1;1;1;1;1;1
order-382,content-latest,correct,1,1,1,1;1;1;1;1;1;1;1
order-382,attempt-latest,correct,1,1,1,1;1;1;1;1;1;1;1
order-382,pinned-latest,correct,1,1,1,1;1;1;1;1;1;1;1
order-382,immutable-pinned,correct,1,1,1,1;1;1;1;1;1;1;1
order-383,content-latest,correct,1,1,1,1;1;1;1;1;1;1;1
order-383,attempt-latest,correct,1,1,1,1;1;1;1;1;1;1;1
order-383,pinned-latest,correct,1,1,1,1;1;1;1;1;1;1;1
order-383,immutable-pinned,correct,1,1,1,1;1;1;1;1;1;1;1
order-384,content-latest,wrong,1,0,0,0;0;0;0;0;0;0;0
order-384,attempt-latest,wrong,1,0,0,0;0;0;0;0;0;0;0
order-384,pinned-latest,reject,0,0,0,
order-384,immutable-pinned,correct,1,1,1,1;1;1;1;1;1;1;1
order-385,content-latest,wrong,1,0,0,0;0;0;0;0;0;0;0
order-385,attempt-latest,wrong,1,0,0,0;0;0;0;0;0;0;0
order-385,pinned-latest,reject,0,0,0,
order-385,immutable-pinned,correct,1,1,1,1;1;1;1;1;1;1;1
order-386,content-latest,wrong,1,0,0,0;0;0;0;0;0;0;0
order-386,attempt-latest,wrong,1,0,0,0;0;0;0;0;0;0;0
order-386,pinned-latest,reject,0,0,0,
order-386,immutable-pinned,correct,1,1,1,1;1;1;1;1;1;1;1
order-387,content-latest,wrong,1,0,0,3;3;3;3;3;3;3;3
order-387,attempt-latest,wrong,1,0,0,3;3;3;3;3;3;3;3
order-387,pinned-latest,reject,0,0,0,
order-387,immutable-pinned,correct,1,1,1,1;1;1;1;1;1;1;1
order-388,content-latest,wrong,1,0,0,3;3;3;3;3;3;3;3
order-388,attempt-latest,wrong,1,0,0,3;3;3;3;3;3;3;3
order-388,pinned-latest,reject,0,0,0,
order-388,immutable-pinned,correct,1,1,1,1;1;1;1;1;1;1;1
order-389,content-latest,wrong,1,0,0,3;3;3;3;3;3;3;3
order-389,attempt-latest,wrong,1,0,0,3;3;3;3;3;3;3;3
order-389,pinned-latest,reject,0,0,0,
order-389,immutable-pinned,correct,1,1,1,1;1;1;1;1;1;1;1
order-390,content-latest,wrong,1,0,0,0;0;0;0;0;0;0;0
order-390,attempt-latest,wrong,1,0,0,0;0;0;0;0;0;0;0
order-390,pinned-latest,reject,0,0,0,
order-390,immutable-pinned,correct,1,1,1,1;1;1;1;1;1;1;1
order-391,content-latest,wrong,1,0,0,0;0;0;0;0;0;0;0
order-391,attempt-latest,wrong,1,0,0,0;0;0;0;0;0;0;0
order-391,pinned-latest,reject,0,0,0,
order-391,immutable-pinned,correct,1,1,1,1;1;1;1;1;1;1;1
order-392,content-latest,wrong,1,0,0,0;0;0;0;0;0;0;0
order-392,attempt-latest,wrong,1,0,0,0;0;0;0;0;0;0;0
order-392,pinned-latest,reject,0,0,0,
order-392,immutable-pinned,correct,1,1,1,1;1;1;1;1;1;1;1
order-393,content-latest,wrong,1,0,0,0;0;0;0;0;0;0;0
order-393,attempt-latest,wrong,1,0,0,0;0;0;0;0;0;0;0
order-393,pinned-latest,reject,0,0,0,
order-393,immutable-pinned,correct,1,1,1,1;1;1;1;1;1;1;1
order-394,content-latest,wrong,1,0,0,0;0;0;0;0;0;0;0
order-394,attempt-latest,wrong,1,0,0,0;0;0;0;0;0;0;0
order-394,pinned-latest,reject,0,0,0,
order-394,immutable-pinned,correct,1,1,1,1;1;1;1;1;1;1;1
order-395,content-latest,wrong,1,0,0,0;0;0;0;0;0;0;0
order-395,attempt-latest,wrong,1,0,0,0;0;0;0;0;0;0;0
order-395,pinned-latest,reject,0,0,0,
order-395,immutable-pinned,correct,1,1,1,1;1;1;1;1;1;1;1
order-396,content-latest,wrong,1,0,0,0;0;0;0;0;0;0;0
order-396,attempt-latest,wrong,1,0,0,0;0;0;0;0;0;0;0
order-396,pinned-latest,reject,0,0,0,
order-396,immutable-pinned,correct,1,1,1,1;1;1;1;1;1;1;1
order-397,content-latest,wrong,1,0,0,3;3;3;3;3;3;3;3
order-397,attempt-latest,wrong,1,0,0,3;3;3;3;3;3;3;3
order-397,pinned-latest,reject,0,0,0,
order-397,immutable-pinned,correct,1,1,1,1;1;1;1;1;1;1;1
order-398,content-latest,wrong,1,0,0,0;0;0;0;0;0;0;0
order-398,attempt-latest,wrong,1,0,0,0;0;0;0;0;0;0;0
order-398,pinned-latest,reject,0,0,0,
order-398,immutable-pinned,correct,1,1,1,1;1;1;1;1;1;1;1
order-399,content-latest,wrong,1,0,0,0;0;0;0;0;0;0;0
order-399,attempt-latest,wrong,1,0,0,0;0;0;0;0;0;0;0
order-399,pinned-latest,reject,0,0,0,
order-399,immutable-pinned,correct,1,1,1,1;1;1;1;1;1;1;1
order-400,content-latest,wrong,1,0,0,3;3;3;3;3;3;3;3
order-400,attempt-latest,wrong,1,0,0,3;3;3;3;3;3;3;3
order-400,pinned-latest,reject,0,0,0,
order-400,immutable-pinned,correct,1,1,1,1;1;1;1;1;1;1;1
order-401,content-latest,wrong,1,0,0,3;3;3;3;3;3;3;3
order-401,attempt-latest,wrong,1,0,0,3;3;3;3;3;3;3;3
order-401,pinned-latest,reject,0,0,0,
order-401,immutable-pinned,correct,1,1,1,1;1;1;1;1;1;1;1
order-402,content-latest,wrong,1,0,0,3;3;3;3;3;3;3;3
order-402,attempt-latest,wrong,1,0,0,3;3;3;3;3;3;3;3
order-402,pinned-latest,reject,0,0,0,
order-402,immutable-pinned,correct,1,1,1,1;1;1;1;1;1;1;1
order-403,content-latest,wrong,1,0,0,3;3;3;3;3;3;3;3
order-403,attempt-latest,wrong,1,0,0,3;3;3;3;3;3;3;3
order-403,pinned-latest,reject,0,0,0,
order-403,immutable-pinned,correct,1,1,1,1;1;1;1;1;1;1;1
order-404,content-latest,wrong,1,0,0,3;3;3;3;3;3;3;3
order-404,attempt-latest,wrong,1,0,0,3;3;3;3;3;3;3;3
order-404,pinned-latest,reject,0,0,0,
order-404,immutable-pinned,correct,1,1,1,1;1;1;1;1;1;1;1
order-405,content-latest,wrong,1,0,0,3;3;3;3;3;3;3;3
order-405,attempt-latest,wrong,1,0,0,3;3;3;3;3;3;3;3
order-405,pinned-latest,reject,0,0,0,
order-405,immutable-pinned,correct,1,1,1,1;1;1;1;1;1;1;1
order-406,content-latest,wrong,1,0,0,3;3;3;3;3;3;3;3
order-406,attempt-latest,wrong,1,0,0,3;3;3;3;3;3;3;3
order-406,pinned-latest,reject,0,0,0,
order-406,immutable-pinned,correct,1,1,1,1;1;1;1;1;1;1;1
order-407,content-latest,wrong,1,0,0,3;3;3;3;3;3;3;3
order-407,attempt-latest,wrong,1,0,0,3;3;3;3;3;3;3;3
order-407,pinned-latest,reject,0,0,0,
order-407,immutable-pinned,correct,1,1,1,1;1;1;1;1;1;1;1
order-408,content-latest,wrong,1,0,0,0;0;0;0;0;0;0;0
order-408,attempt-latest,wrong,1,0,0,0;0;0;0;0;0;0;0
order-408,pinned-latest,reject,0,0,0,
order-408,immutable-pinned,correct,1,1,1,1;1;1;1;1;1;1;1
order-409,content-latest,wrong,1,0,0,0;0;0;0;0;0;0;0
order-409,attempt-latest,wrong,1,0,0,0;0;0;0;0;0;0;0
order-409,pinned-latest,reject,0,0,0,
order-409,immutable-pinned,correct,1,1,1,1;1;1;1;1;1;1;1
order-410,content-latest,wrong,1,0,0,99;99;99;99;99;99;99;99
order-410,attempt-latest,wrong,1,0,0,99;99;99;99;99;99;99;99
order-410,pinned-latest,reject,0,0,0,
order-410,immutable-pinned,correct,1,1,1,1;1;1;1;1;1;1;1
order-411,content-latest,wrong,1,0,0,99;99;99;99;99;99;99;99
order-411,attempt-latest,wrong,1,0,0,99;99;99;99;99;99;99;99
order-411,pinned-latest,reject,0,0,0,
order-411,immutable-pinned,correct,1,1,1,1;1;1;1;1;1;1;1
order-412,content-latest,wrong,1,0,0,0;0;0;0;0;0;0;0
order-412,attempt-latest,wrong,1,0,0,0;0;0;0;0;0;0;0
order-412,pinned-latest,reject,0,0,0,
order-412,immutable-pinned,correct,1,1,1,1;1;1;1;1;1;1;1
order-413,content-latest,wrong,1,0,0,99;99;99;99;99;99;99;99
order-413,attempt-latest,wrong,1,0,0,99;99;99;99;99;99;99;99
order-413,pinned-latest,reject,0,0,0,
order-413,immutable-pinned,correct,1,1,1,1;1;1;1;1;1;1;1
order-414,content-latest,wrong,1,0,0,0;0;0;0;0;0;0;0
order-414,attempt-latest,wrong,1,0,0,0;0;0;0;0;0;0;0
order-414,pinned-latest,reject,0,0,0,
order-414,immutable-pinned,correct,1,1,1,1;1;1;1;1;1;1;1
order-415,content-latest,wrong,1,0,0,0;0;0;0;0;0;0;0
order-415,attempt-latest,wrong,1,0,0,0;0;0;0;0;0;0;0
order-415,pinned-latest,reject,0,0,0,
order-415,immutable-pinned,correct,1,1,1,1;1;1;1;1;1;1;1
order-416,content-latest,wrong,1,0,0,0;0;0;0;0;0;0;0
order-416,attempt-latest,wrong,1,0,0,0;0;0;0;0;0;0;0
order-416,pinned-latest,reject,0,0,0,
order-416,immutable-pinned,correct,1,1,1,1;1;1;1;1;1;1;1
order-417,content-latest,wrong,1,0,0,0;0;0;0;0;0;0;0
order-417,attempt-latest,wrong,1,0,0,0;0;0;0;0;0;0;0
order-417,pinned-latest,reject,0,0,0,
order-417,immutable-pinned,correct,1,1,1,1;1;1;1;1;1;1;1
order-418,content-latest,wrong,1,0,0,0;0;0;0;0;0;0;0
order-418,attempt-latest,wrong,1,0,0,0;0;0;0;0;0;0;0
order-418,pinned-latest,reject,0,0,0,
order-418,immutable-pinned,correct,1,1,1,1;1;1;1;1;1;1;1
order-419,content-latest,wrong,1,0,0,0;0;0;0;0;0;0;0
order-419,attempt-latest,wrong,1,0,0,0;0;0;0;0;0;0;0
order-419,pinned-latest,reject,0,0,0,
order-419,immutable-pinned,correct,1,1,1,1;1;1;1;1;1;1;1
order-420,content-latest,wrong,1,0,0,99;99;99;99;99;99;99;99
order-420,attempt-latest,wrong,1,0,0,99;99;99;99;99;99;99;99
order-420,pinned-latest,reject,0,0,0,
order-420,immutable-pinned,correct,1,1,1,1;1;1;1;1;1;1;1
order-421,content-latest,wrong,1,0,0,99;99;99;99;99;99;99;99
order-421,attempt-latest,wrong,1,0,0,99;99;99;99;99;99;99;99
order-421,pinned-latest,reject,0,0,0,
order-421,immutable-pinned,correct,1,1,1,1;1;1;1;1;1;1;1
order-422,content-latest,wrong,1,0,0,99;99;99;99;99;99;99;99
order-422,attempt-latest,wrong,1,0,0,99;99;99;99;99;99;99;99
order-422,pinned-latest,reject,0,0,0,
order-422,immutable-pinned,correct,1,1,1,1;1;1;1;1;1;1;1
order-423,content-latest,wrong,1,0,0,99;99;99;99;99;99;99;99
order-423,attempt-latest,wrong,1,0,0,99;99;99;99;99;99;99;99
order-423,pinned-latest,reject,0,0,0,
order-423,immutable-pinned,correct,1,1,1,1;1;1;1;1;1;1;1
order-424,content-latest,wrong,1,0,0,99;99;99;99;99;99;99;99
order-424,attempt-latest,wrong,1,0,0,99;99;99;99;99;99;99;99
order-424,pinned-latest,reject,0,0,0,
order-424,immutable-pinned,correct,1,1,1,1;1;1;1;1;1;1;1
order-425,content-latest,wrong,1,0,0,99;99;99;99;99;99;99;99
order-425,attempt-latest,wrong,1,0,0,99;99;99;99;99;99;99;99
order-425,pinned-latest,reject,0,0,0,
order-425,immutable-pinned,correct,1,1,1,1;1;1;1;1;1;1;1
order-426,content-latest,wrong,1,0,0,0;0;0;0;0;0;0;0
order-426,attempt-latest,wrong,1,0,0,0;0;0;0;0;0;0;0
order-426,pinned-latest,reject,0,0,0,
order-426,immutable-pinned,correct,1,1,1,1;1;1;1;1;1;1;1
order-427,content-latest,wrong,1,0,0,99;99;99;99;99;99;99;99
order-427,attempt-latest,wrong,1,0,0,99;99;99;99;99;99;99;99
order-427,pinned-latest,reject,0,0,0,
order-427,immutable-pinned,correct,1,1,1,1;1;1;1;1;1;1;1
order-428,content-latest,wrong,1,0,0,0;0;0;0;0;0;0;0
order-428,attempt-latest,wrong,1,0,0,0;0;0;0;0;0;0;0
order-428,pinned-latest,reject,0,0,0,
order-428,immutable-pinned,correct,1,1,1,1;1;1;1;1;1;1;1
order-429,content-latest,wrong,1,0,0,0;0;0;0;0;0;0;0
order-429,attempt-latest,wrong,1,0,0,0;0;0;0;0;0;0;0
order-429,pinned-latest,reject,0,0,0,
order-429,immutable-pinned,correct,1,1,1,1;1;1;1;1;1;1;1
order-430,content-latest,wrong,1,0,0,99;99;99;99;99;99;99;99
order-430,attempt-latest,wrong,1,0,0,99;99;99;99;99;99;99;99
order-430,pinned-latest,reject,0,0,0,
order-430,immutable-pinned,correct,1,1,1,1;1;1;1;1;1;1;1
order-431,content-latest,wrong,1,0,0,99;99;99;99;99;99;99;99
order-431,attempt-latest,wrong,1,0,0,99;99;99;99;99;99;99;99
order-431,pinned-latest,reject,0,0,0,
order-431,immutable-pinned,correct,1,1,1,1;1;1;1;1;1;1;1
order-432,content-latest,wrong,1,0,0,99;99;99;99;99;99;99;99
order-432,attempt-latest,wrong,1,0,0,99;99;99;99;99;99;99;99
order-432,pinned-latest,reject,0,0,0,
order-432,immutable-pinned,correct,1,1,1,1;1;1;1;1;1;1;1
order-433,content-latest,correct,1,1,1,1;1;1;1;1;1;1;1
order-433,attempt-latest,correct,1,1,1,1;1;1;1;1;1;1;1
order-433,pinned-latest,correct,1,1,1,1;1;1;1;1;1;1;1
order-433,immutable-pinned,correct,1,1,1,1;1;1;1;1;1;1;1
order-434,content-latest,wrong,1,0,0,99;99;99;99;99;99;99;99
order-434,attempt-latest,wrong,1,0,0,99;99;99;99;99;99;99;99
order-434,pinned-latest,reject,0,0,0,
order-434,immutable-pinned,correct,1,1,1,1;1;1;1;1;1;1;1
order-435,content-latest,wrong,1,0,0,99;99;99;99;99;99;99;99
order-435,attempt-latest,wrong,1,0,0,99;99;99;99;99;99;99;99
order-435,pinned-latest,reject,0,0,0,
order-435,immutable-pinned,correct,1,1,1,1;1;1;1;1;1;1;1
order-436,content-latest,correct,1,1,1,1;1;1;1;1;1;1;1
order-436,attempt-latest,correct,1,1,1,1;1;1;1;1;1;1;1
order-436,pinned-latest,correct,1,1,1,1;1;1;1;1;1;1;1
order-436,immutable-pinned,correct,1,1,1,1;1;1;1;1;1;1;1
order-437,content-latest,correct,1,1,1,1;1;1;1;1;1;1;1
order-437,attempt-latest,correct,1,1,1,1;1;1;1;1;1;1;1
order-437,pinned-latest,correct,1,1,1,1;1;1;1;1;1;1;1
order-437,immutable-pinned,correct,1,1,1,1;1;1;1;1;1;1;1
order-438,content-latest,wrong,1,0,0,99;99;99;99;99;99;99;99
order-438,attempt-latest,wrong,1,0,0,99;99;99;99;99;99;99;99
order-438,pinned-latest,reject,0,0,0,
order-438,immutable-pinned,correct,1,1,1,1;1;1;1;1;1;1;1
order-439,content-latest,correct,1,1,1,1;1;1;1;1;1;1;1
order-439,attempt-latest,correct,1,1,1,1;1;1;1;1;1;1;1
order-439,pinned-latest,correct,1,1,1,1;1;1;1;1;1;1;1
order-439,immutable-pinned,correct,1,1,1,1;1;1;1;1;1;1;1
order-440,content-latest,wrong,1,0,0,99;99;99;99;99;99;99;99
order-440,attempt-latest,wrong,1,0,0,99;99;99;99;99;99;99;99
order-440,pinned-latest,reject,0,0,0,
order-440,immutable-pinned,correct,1,1,1,1;1;1;1;1;1;1;1
order-441,content-latest,wrong,1,0,0,99;99;99;99;99;99;99;99
order-441,attempt-latest,wrong,1,0,0,99;99;99;99;99;99;99;99
order-441,pinned-latest,reject,0,0,0,
order-441,immutable-pinned,correct,1,1,1,1;1;1;1;1;1;1;1
order-442,content-latest,correct,1,1,1,1;1;1;1;1;1;1;1
order-442,attempt-latest,correct,1,1,1,1;1;1;1;1;1;1;1
order-442,pinned-latest,correct,1,1,1,1;1;1;1;1;1;1;1
order-442,immutable-pinned,correct,1,1,1,1;1;1;1;1;1;1;1
order-443,content-latest,correct,1,1,1,1;1;1;1;1;1;1;1
order-443,attempt-latest,correct,1,1,1,1;1;1;1;1;1;1;1
order-443,pinned-latest,correct,1,1,1,1;1;1;1;1;1;1;1
order-443,immutable-pinned,correct,1,1,1,1;1;1;1;1;1;1;1
order-444,content-latest,wrong,1,0,0,99;99;99;99;99;99;99;99
order-444,attempt-latest,wrong,1,0,0,99;99;99;99;99;99;99;99
order-444,pinned-latest,reject,0,0,0,
order-444,immutable-pinned,correct,1,1,1,1;1;1;1;1;1;1;1
order-445,content-latest,wrong,1,0,0,99;99;99;99;99;99;99;99
order-445,attempt-latest,wrong,1,0,0,99;99;99;99;99;99;99;99
order-445,pinned-latest,reject,0,0,0,
order-445,immutable-pinned,correct,1,1,1,1;1;1;1;1;1;1;1
order-446,content-latest,wrong,1,0,0,99;99;99;99;99;99;99;99
order-446,attempt-latest,wrong,1,0,0,99;99;99;99;99;99;99;99
order-446,pinned-latest,reject,0,0,0,
order-446,immutable-pinned,correct,1,1,1,1;1;1;1;1;1;1;1
order-447,content-latest,wrong,1,0,0,99;99;99;99;99;99;99;99
order-447,attempt-latest,wrong,1,0,0,99;99;99;99;99;99;99;99
order-447,pinned-latest,reject,0,0,0,
order-447,immutable-pinned,correct,1,1,1,1;1;1;1;1;1;1;1
order-448,content-latest,wrong,1,0,0,99;99;99;99;99;99;99;99
order-448,attempt-latest,wrong,1,0,0,99;99;99;99;99;99;99;99
order-448,pinned-latest,reject,0,0,0,
order-448,immutable-pinned,correct,1,1,1,1;1;1;1;1;1;1;1
order-449,content-latest,wrong,1,0,0,99;99;99;99;99;99;99;99
order-449,attempt-latest,wrong,1,0,0,99;99;99;99;99;99;99;99
order-449,pinned-latest,reject,0,0,0,
order-449,immutable-pinned,correct,1,1,1,1;1;1;1;1;1;1;1
order-450,content-latest,correct,1,1,1,1;1;1;1;1;1;1;1
order-450,attempt-latest,correct,1,1,1,1;1;1;1;1;1;1;1
order-450,pinned-latest,correct,1,1,1,1;1;1;1;1;1;1;1
order-450,immutable-pinned,correct,1,1,1,1;1;1;1;1;1;1;1
order-451,content-latest,correct,1,1,1,1;1;1;1;1;1;1;1
order-451,attempt-latest,correct,1,1,1,1;1;1;1;1;1;1;1
order-451,pinned-latest,correct,1,1,1,1;1;1;1;1;1;1;1
order-451,immutable-pinned,correct,1,1,1,1;1;1;1;1;1;1;1
order-452,content-latest,correct,1,1,1,1;1;1;1;1;1;1;1
order-452,attempt-latest,correct,1,1,1,1;1;1;1;1;1;1;1
order-452,pinned-latest,correct,1,1,1,1;1;1;1;1;1;1;1
order-452,immutable-pinned,correct,1,1,1,1;1;1;1;1;1;1;1
order-453,content-latest,correct,1,1,1,1;1;1;1;1;1;1;1
order-453,attempt-latest,correct,1,1,1,1;1;1;1;1;1;1;1
order-453,pinned-latest,correct,1,1,1,1;1;1;1;1;1;1;1
order-453,immutable-pinned,correct,1,1,1,1;1;1;1;1;1;1;1
order-454,content-latest,correct,1,1,1,1;1;1;1;1;1;1;1
order-454,attempt-latest,correct,1,1,1,1;1;1;1;1;1;1;1
order-454,pinned-latest,correct,1,1,1,1;1;1;1;1;1;1;1
order-454,immutable-pinned,correct,1,1,1,1;1;1;1;1;1;1;1
order-455,content-latest,correct,1,1,1,1;1;1;1;1;1;1;1
order-455,attempt-latest,correct,1,1,1,1;1;1;1;1;1;1;1
order-455,pinned-latest,correct,1,1,1,1;1;1;1;1;1;1;1
order-455,immutable-pinned,correct,1,1,1,1;1;1;1;1;1;1;1
order-456,content-latest,wrong,1,0,0,3;3;3;3;3;3;3;3
order-456,attempt-latest,wrong,1,0,0,3;3;3;3;3;3;3;3
order-456,pinned-latest,reject,0,0,0,
order-456,immutable-pinned,correct,1,1,1,1;1;1;1;1;1;1;1
order-457,content-latest,wrong,1,0,0,3;3;3;3;3;3;3;3
order-457,attempt-latest,wrong,1,0,0,3;3;3;3;3;3;3;3
order-457,pinned-latest,reject,0,0,0,
order-457,immutable-pinned,correct,1,1,1,1;1;1;1;1;1;1;1
order-458,content-latest,wrong,1,0,0,3;3;3;3;3;3;3;3
order-458,attempt-latest,wrong,1,0,0,3;3;3;3;3;3;3;3
order-458,pinned-latest,reject,0,0,0,
order-458,immutable-pinned,correct,1,1,1,1;1;1;1;1;1;1;1
order-459,content-latest,correct,1,1,1,1;1;1;1;1;1;1;1
order-459,attempt-latest,correct,1,1,1,1;1;1;1;1;1;1;1
order-459,pinned-latest,correct,1,1,1,1;1;1;1;1;1;1;1
order-459,immutable-pinned,correct,1,1,1,1;1;1;1;1;1;1;1
order-460,content-latest,correct,1,1,1,1;1;1;1;1;1;1;1
order-460,attempt-latest,correct,1,1,1,1;1;1;1;1;1;1;1
order-460,pinned-latest,correct,1,1,1,1;1;1;1;1;1;1;1
order-460,immutable-pinned,correct,1,1,1,1;1;1;1;1;1;1;1
order-461,content-latest,correct,1,1,1,1;1;1;1;1;1;1;1
order-461,attempt-latest,correct,1,1,1,1;1;1;1;1;1;1;1
order-461,pinned-latest,correct,1,1,1,1;1;1;1;1;1;1;1
order-461,immutable-pinned,correct,1,1,1,1;1;1;1;1;1;1;1
order-462,content-latest,wrong,1,0,0,3;3;3;3;3;3;3;3
order-462,attempt-latest,wrong,1,0,0,3;3;3;3;3;3;3;3
order-462,pinned-latest,reject,0,0,0,
order-462,immutable-pinned,correct,1,1,1,1;1;1;1;1;1;1;1
order-463,content-latest,wrong,1,0,0,3;3;3;3;3;3;3;3
order-463,attempt-latest,wrong,1,0,0,3;3;3;3;3;3;3;3
order-463,pinned-latest,reject,0,0,0,
order-463,immutable-pinned,correct,1,1,1,1;1;1;1;1;1;1;1
order-464,content-latest,wrong,1,0,0,3;3;3;3;3;3;3;3
order-464,attempt-latest,wrong,1,0,0,3;3;3;3;3;3;3;3
order-464,pinned-latest,reject,0,0,0,
order-464,immutable-pinned,correct,1,1,1,1;1;1;1;1;1;1;1
order-465,content-latest,wrong,1,0,0,3;3;3;3;3;3;3;3
order-465,attempt-latest,wrong,1,0,0,3;3;3;3;3;3;3;3
order-465,pinned-latest,reject,0,0,0,
order-465,immutable-pinned,correct,1,1,1,1;1;1;1;1;1;1;1
order-466,content-latest,wrong,1,0,0,3;3;3;3;3;3;3;3
order-466,attempt-latest,wrong,1,0,0,3;3;3;3;3;3;3;3
order-466,pinned-latest,reject,0,0,0,
order-466,immutable-pinned,correct,1,1,1,1;1;1;1;1;1;1;1
order-467,content-latest,wrong,1,0,0,3;3;3;3;3;3;3;3
order-467,attempt-latest,wrong,1,0,0,3;3;3;3;3;3;3;3
order-467,pinned-latest,reject,0,0,0,
order-467,immutable-pinned,correct,1,1,1,1;1;1;1;1;1;1;1
order-468,content-latest,wrong,1,0,0,3;3;3;3;3;3;3;3
order-468,attempt-latest,wrong,1,0,0,3;3;3;3;3;3;3;3
order-468,pinned-latest,reject,0,0,0,
order-468,immutable-pinned,correct,1,1,1,1;1;1;1;1;1;1;1
order-469,content-latest,correct,1,1,1,1;1;1;1;1;1;1;1
order-469,attempt-latest,correct,1,1,1,1;1;1;1;1;1;1;1
order-469,pinned-latest,correct,1,1,1,1;1;1;1;1;1;1;1
order-469,immutable-pinned,correct,1,1,1,1;1;1;1;1;1;1;1
order-470,content-latest,wrong,1,0,0,3;3;3;3;3;3;3;3
order-470,attempt-latest,wrong,1,0,0,3;3;3;3;3;3;3;3
order-470,pinned-latest,reject,0,0,0,
order-470,immutable-pinned,correct,1,1,1,1;1;1;1;1;1;1;1
order-471,content-latest,wrong,1,0,0,3;3;3;3;3;3;3;3
order-471,attempt-latest,wrong,1,0,0,3;3;3;3;3;3;3;3
order-471,pinned-latest,reject,0,0,0,
order-471,immutable-pinned,correct,1,1,1,1;1;1;1;1;1;1;1
order-472,content-latest,correct,1,1,1,1;1;1;1;1;1;1;1
order-472,attempt-latest,correct,1,1,1,1;1;1;1;1;1;1;1
order-472,pinned-latest,correct,1,1,1,1;1;1;1;1;1;1;1
order-472,immutable-pinned,correct,1,1,1,1;1;1;1;1;1;1;1
order-473,content-latest,correct,1,1,1,1;1;1;1;1;1;1;1
order-473,attempt-latest,correct,1,1,1,1;1;1;1;1;1;1;1
order-473,pinned-latest,correct,1,1,1,1;1;1;1;1;1;1;1
order-473,immutable-pinned,correct,1,1,1,1;1;1;1;1;1;1;1
order-474,content-latest,correct,1,1,1,1;1;1;1;1;1;1;1
order-474,attempt-latest,correct,1,1,1,1;1;1;1;1;1;1;1
order-474,pinned-latest,correct,1,1,1,1;1;1;1;1;1;1;1
order-474,immutable-pinned,correct,1,1,1,1;1;1;1;1;1;1;1
order-475,content-latest,correct,1,1,1,1;1;1;1;1;1;1;1
order-475,attempt-latest,correct,1,1,1,1;1;1;1;1;1;1;1
order-475,pinned-latest,correct,1,1,1,1;1;1;1;1;1;1;1
order-475,immutable-pinned,correct,1,1,1,1;1;1;1;1;1;1;1
order-476,content-latest,correct,1,1,1,1;1;1;1;1;1;1;1
order-476,attempt-latest,correct,1,1,1,1;1;1;1;1;1;1;1
order-476,pinned-latest,correct,1,1,1,1;1;1;1;1;1;1;1
order-476,immutable-pinned,correct,1,1,1,1;1;1;1;1;1;1;1
order-477,content-latest,correct,1,1,1,1;1;1;1;1;1;1;1
order-477,attempt-latest,correct,1,1,1,1;1;1;1;1;1;1;1
order-477,pinned-latest,correct,1,1,1,1;1;1;1;1;1;1;1
order-477,immutable-pinned,correct,1,1,1,1;1;1;1;1;1;1;1
order-478,content-latest,correct,1,1,1,1;1;1;1;1;1;1;1
order-478,attempt-latest,correct,1,1,1,1;1;1;1;1;1;1;1
order-478,pinned-latest,correct,1,1,1,1;1;1;1;1;1;1;1
order-478,immutable-pinned,correct,1,1,1,1;1;1;1;1;1;1;1
order-479,content-latest,correct,1,1,1,1;1;1;1;1;1;1;1
order-479,attempt-latest,correct,1,1,1,1;1;1;1;1;1;1;1
order-479,pinned-latest,correct,1,1,1,1;1;1;1;1;1;1;1
order-479,immutable-pinned,correct,1,1,1,1;1;1;1;1;1;1;1
order-480,content-latest,wrong,1,0,0,100;100;100;100;100;100;100;100
order-480,attempt-latest,wrong,1,0,0,100;100;100;100;100;100;100;100
order-480,pinned-latest,reject,0,0,0,
order-480,immutable-pinned,correct,1,1,1,1;1;1;1;1;1;1;1
order-481,content-latest,wrong,1,0,0,100;100;100;100;100;100;100;100
order-481,attempt-latest,wrong,1,0,0,100;100;100;100;100;100;100;100
order-481,pinned-latest,reject,0,0,0,
order-481,immutable-pinned,correct,1,1,1,1;1;1;1;1;1;1;1
order-482,content-latest,wrong,1,0,0,100;100;100;100;100;100;100;100
order-482,attempt-latest,wrong,1,0,0,100;100;100;100;100;100;100;100
order-482,pinned-latest,reject,0,0,0,
order-482,immutable-pinned,correct,1,1,1,1;1;1;1;1;1;1;1
order-483,content-latest,wrong,1,0,0,2;2;2;2;2;2;2;2
order-483,attempt-latest,wrong,1,0,0,2;2;2;2;2;2;2;2
order-483,pinned-latest,reject,0,0,0,
order-483,immutable-pinned,correct,1,1,1,1;1;1;1;1;1;1;1
order-484,content-latest,wrong,1,0,0,2;2;2;2;2;2;2;2
order-484,attempt-latest,wrong,1,0,0,2;2;2;2;2;2;2;2
order-484,pinned-latest,reject,0,0,0,
order-484,immutable-pinned,correct,1,1,1,1;1;1;1;1;1;1;1
order-485,content-latest,wrong,1,0,0,2;2;2;2;2;2;2;2
order-485,attempt-latest,wrong,1,0,0,2;2;2;2;2;2;2;2
order-485,pinned-latest,reject,0,0,0,
order-485,immutable-pinned,correct,1,1,1,1;1;1;1;1;1;1;1
order-486,content-latest,wrong,1,0,0,100;100;100;100;100;100;100;100
order-486,attempt-latest,wrong,1,0,0,100;100;100;100;100;100;100;100
order-486,pinned-latest,reject,0,0,0,
order-486,immutable-pinned,correct,1,1,1,1;1;1;1;1;1;1;1
order-487,content-latest,wrong,1,0,0,100;100;100;100;100;100;100;100
order-487,attempt-latest,wrong,1,0,0,100;100;100;100;100;100;100;100
order-487,pinned-latest,reject,0,0,0,
order-487,immutable-pinned,correct,1,1,1,1;1;1;1;1;1;1;1
order-488,content-latest,wrong,1,0,0,100;100;100;100;100;100;100;100
order-488,attempt-latest,wrong,1,0,0,100;100;100;100;100;100;100;100
order-488,pinned-latest,reject,0,0,0,
order-488,immutable-pinned,correct,1,1,1,1;1;1;1;1;1;1;1
order-489,content-latest,wrong,1,0,0,100;100;100;100;100;100;100;100
order-489,attempt-latest,wrong,1,0,0,100;100;100;100;100;100;100;100
order-489,pinned-latest,reject,0,0,0,
order-489,immutable-pinned,correct,1,1,1,1;1;1;1;1;1;1;1
order-490,content-latest,wrong,1,0,0,100;100;100;100;100;100;100;100
order-490,attempt-latest,wrong,1,0,0,100;100;100;100;100;100;100;100
order-490,pinned-latest,reject,0,0,0,
order-490,immutable-pinned,correct,1,1,1,1;1;1;1;1;1;1;1
order-491,content-latest,wrong,1,0,0,100;100;100;100;100;100;100;100
order-491,attempt-latest,wrong,1,0,0,100;100;100;100;100;100;100;100
order-491,pinned-latest,reject,0,0,0,
order-491,immutable-pinned,correct,1,1,1,1;1;1;1;1;1;1;1
order-492,content-latest,wrong,1,0,0,100;100;100;100;100;100;100;100
order-492,attempt-latest,wrong,1,0,0,100;100;100;100;100;100;100;100
order-492,pinned-latest,reject,0,0,0,
order-492,immutable-pinned,correct,1,1,1,1;1;1;1;1;1;1;1
order-493,content-latest,wrong,1,0,0,2;2;2;2;2;2;2;2
order-493,attempt-latest,wrong,1,0,0,2;2;2;2;2;2;2;2
order-493,pinned-latest,reject,0,0,0,
order-493,immutable-pinned,correct,1,1,1,1;1;1;1;1;1;1;1
order-494,content-latest,wrong,1,0,0,100;100;100;100;100;100;100;100
order-494,attempt-latest,wrong,1,0,0,100;100;100;100;100;100;100;100
order-494,pinned-latest,reject,0,0,0,
order-494,immutable-pinned,correct,1,1,1,1;1;1;1;1;1;1;1
order-495,content-latest,wrong,1,0,0,100;100;100;100;100;100;100;100
order-495,attempt-latest,wrong,1,0,0,100;100;100;100;100;100;100;100
order-495,pinned-latest,reject,0,0,0,
order-495,immutable-pinned,correct,1,1,1,1;1;1;1;1;1;1;1
order-496,content-latest,wrong,1,0,0,2;2;2;2;2;2;2;2
order-496,attempt-latest,wrong,1,0,0,2;2;2;2;2;2;2;2
order-496,pinned-latest,reject,0,0,0,
order-496,immutable-pinned,correct,1,1,1,1;1;1;1;1;1;1;1
order-497,content-latest,wrong,1,0,0,2;2;2;2;2;2;2;2
order-497,attempt-latest,wrong,1,0,0,2;2;2;2;2;2;2;2
order-497,pinned-latest,reject,0,0,0,
order-497,immutable-pinned,correct,1,1,1,1;1;1;1;1;1;1;1
order-498,content-latest,wrong,1,0,0,2;2;2;2;2;2;2;2
order-498,attempt-latest,wrong,1,0,0,2;2;2;2;2;2;2;2
order-498,pinned-latest,reject,0,0,0,
order-498,immutable-pinned,correct,1,1,1,1;1;1;1;1;1;1;1
order-499,content-latest,wrong,1,0,0,2;2;2;2;2;2;2;2
order-499,attempt-latest,wrong,1,0,0,2;2;2;2;2;2;2;2
order-499,pinned-latest,reject,0,0,0,
order-499,immutable-pinned,correct,1,1,1,1;1;1;1;1;1;1;1
order-500,content-latest,wrong,1,0,0,2;2;2;2;2;2;2;2
order-500,attempt-latest,wrong,1,0,0,2;2;2;2;2;2;2;2
order-500,pinned-latest,reject,0,0,0,
order-500,immutable-pinned,correct,1,1,1,1;1;1;1;1;1;1;1
order-501,content-latest,wrong,1,0,0,2;2;2;2;2;2;2;2
order-501,attempt-latest,wrong,1,0,0,2;2;2;2;2;2;2;2
order-501,pinned-latest,reject,0,0,0,
order-501,immutable-pinned,correct,1,1,1,1;1;1;1;1;1;1;1
order-502,content-latest,wrong,1,0,0,2;2;2;2;2;2;2;2
order-502,attempt-latest,wrong,1,0,0,2;2;2;2;2;2;2;2
order-502,pinned-latest,reject,0,0,0,
order-502,immutable-pinned,correct,1,1,1,1;1;1;1;1;1;1;1
order-503,content-latest,wrong,1,0,0,2;2;2;2;2;2;2;2
order-503,attempt-latest,wrong,1,0,0,2;2;2;2;2;2;2;2
order-503,pinned-latest,reject,0,0,0,
order-503,immutable-pinned,correct,1,1,1,1;1;1;1;1;1;1;1
order-504,content-latest,wrong,1,0,0,100;100;100;100;100;100;100;100
order-504,attempt-latest,wrong,1,0,0,100;100;100;100;100;100;100;100
order-504,pinned-latest,reject,0,0,0,
order-504,immutable-pinned,correct,1,1,1,1;1;1;1;1;1;1;1
order-505,content-latest,wrong,1,0,0,100;100;100;100;100;100;100;100
order-505,attempt-latest,wrong,1,0,0,100;100;100;100;100;100;100;100
order-505,pinned-latest,reject,0,0,0,
order-505,immutable-pinned,correct,1,1,1,1;1;1;1;1;1;1;1
order-506,content-latest,wrong,1,0,0,100;100;100;100;100;100;100;100
order-506,attempt-latest,wrong,1,0,0,100;100;100;100;100;100;100;100
order-506,pinned-latest,reject,0,0,0,
order-506,immutable-pinned,correct,1,1,1,1;1;1;1;1;1;1;1
order-507,content-latest,wrong,1,0,0,2;2;2;2;2;2;2;2
order-507,attempt-latest,wrong,1,0,0,2;2;2;2;2;2;2;2
order-507,pinned-latest,reject,0,0,0,
order-507,immutable-pinned,correct,1,1,1,1;1;1;1;1;1;1;1
order-508,content-latest,wrong,1,0,0,2;2;2;2;2;2;2;2
order-508,attempt-latest,wrong,1,0,0,2;2;2;2;2;2;2;2
order-508,pinned-latest,reject,0,0,0,
order-508,immutable-pinned,correct,1,1,1,1;1;1;1;1;1;1;1
order-509,content-latest,wrong,1,0,0,2;2;2;2;2;2;2;2
order-509,attempt-latest,wrong,1,0,0,2;2;2;2;2;2;2;2
order-509,pinned-latest,reject,0,0,0,
order-509,immutable-pinned,correct,1,1,1,1;1;1;1;1;1;1;1
order-510,content-latest,wrong,1,0,0,100;100;100;100;100;100;100;100
order-510,attempt-latest,wrong,1,0,0,100;100;100;100;100;100;100;100
order-510,pinned-latest,reject,0,0,0,
order-510,immutable-pinned,correct,1,1,1,1;1;1;1;1;1;1;1
order-511,content-latest,wrong,1,0,0,100;100;100;100;100;100;100;100
order-511,attempt-latest,wrong,1,0,0,100;100;100;100;100;100;100;100
order-511,pinned-latest,reject,0,0,0,
order-511,immutable-pinned,correct,1,1,1,1;1;1;1;1;1;1;1
order-512,content-latest,wrong,1,0,0,99;99;99;99;99;99;99;99
order-512,attempt-latest,wrong,1,0,0,99;99;99;99;99;99;99;99
order-512,pinned-latest,reject,0,0,0,
order-512,immutable-pinned,correct,1,1,1,1;1;1;1;1;1;1;1
order-513,content-latest,wrong,1,0,0,99;99;99;99;99;99;99;99
order-513,attempt-latest,wrong,1,0,0,99;99;99;99;99;99;99;99
order-513,pinned-latest,reject,0,0,0,
order-513,immutable-pinned,correct,1,1,1,1;1;1;1;1;1;1;1
order-514,content-latest,wrong,1,0,0,100;100;100;100;100;100;100;100
order-514,attempt-latest,wrong,1,0,0,100;100;100;100;100;100;100;100
order-514,pinned-latest,reject,0,0,0,
order-514,immutable-pinned,correct,1,1,1,1;1;1;1;1;1;1;1
order-515,content-latest,wrong,1,0,0,99;99;99;99;99;99;99;99
order-515,attempt-latest,wrong,1,0,0,99;99;99;99;99;99;99;99
order-515,pinned-latest,reject,0,0,0,
order-515,immutable-pinned,correct,1,1,1,1;1;1;1;1;1;1;1
order-516,content-latest,wrong,1,0,0,99;99;99;99;99;99;99;99
order-516,attempt-latest,wrong,1,0,0,99;99;99;99;99;99;99;99
order-516,pinned-latest,reject,0,0,0,
order-516,immutable-pinned,correct,1,1,1,1;1;1;1;1;1;1;1
order-517,content-latest,correct,1,1,1,1;1;1;1;1;1;1;1
order-517,attempt-latest,correct,1,1,1,1;1;1;1;1;1;1;1
order-517,pinned-latest,correct,1,1,1,1;1;1;1;1;1;1;1
order-517,immutable-pinned,correct,1,1,1,1;1;1;1;1;1;1;1
order-518,content-latest,wrong,1,0,0,99;99;99;99;99;99;99;99
order-518,attempt-latest,wrong,1,0,0,99;99;99;99;99;99;99;99
order-518,pinned-latest,reject,0,0,0,
order-518,immutable-pinned,correct,1,1,1,1;1;1;1;1;1;1;1
order-519,content-latest,wrong,1,0,0,99;99;99;99;99;99;99;99
order-519,attempt-latest,wrong,1,0,0,99;99;99;99;99;99;99;99
order-519,pinned-latest,reject,0,0,0,
order-519,immutable-pinned,correct,1,1,1,1;1;1;1;1;1;1;1
order-520,content-latest,correct,1,1,1,1;1;1;1;1;1;1;1
order-520,attempt-latest,correct,1,1,1,1;1;1;1;1;1;1;1
order-520,pinned-latest,correct,1,1,1,1;1;1;1;1;1;1;1
order-520,immutable-pinned,correct,1,1,1,1;1;1;1;1;1;1;1
order-521,content-latest,correct,1,1,1,1;1;1;1;1;1;1;1
order-521,attempt-latest,correct,1,1,1,1;1;1;1;1;1;1;1
order-521,pinned-latest,correct,1,1,1,1;1;1;1;1;1;1;1
order-521,immutable-pinned,correct,1,1,1,1;1;1;1;1;1;1;1
order-522,content-latest,wrong,1,0,0,2;2;2;2;2;2;2;2
order-522,attempt-latest,wrong,1,0,0,2;2;2;2;2;2;2;2
order-522,pinned-latest,reject,0,0,0,
order-522,immutable-pinned,correct,1,1,1,1;1;1;1;1;1;1;1
order-523,content-latest,wrong,1,0,0,2;2;2;2;2;2;2;2
order-523,attempt-latest,wrong,1,0,0,2;2;2;2;2;2;2;2
order-523,pinned-latest,reject,0,0,0,
order-523,immutable-pinned,correct,1,1,1,1;1;1;1;1;1;1;1
order-524,content-latest,wrong,1,0,0,2;2;2;2;2;2;2;2
order-524,attempt-latest,wrong,1,0,0,2;2;2;2;2;2;2;2
order-524,pinned-latest,reject,0,0,0,
order-524,immutable-pinned,correct,1,1,1,1;1;1;1;1;1;1;1
order-525,content-latest,correct,1,1,1,1;1;1;1;1;1;1;1
order-525,attempt-latest,correct,1,1,1,1;1;1;1;1;1;1;1
order-525,pinned-latest,correct,1,1,1,1;1;1;1;1;1;1;1
order-525,immutable-pinned,correct,1,1,1,1;1;1;1;1;1;1;1
order-526,content-latest,correct,1,1,1,1;1;1;1;1;1;1;1
order-526,attempt-latest,correct,1,1,1,1;1;1;1;1;1;1;1
order-526,pinned-latest,correct,1,1,1,1;1;1;1;1;1;1;1
order-526,immutable-pinned,correct,1,1,1,1;1;1;1;1;1;1;1
order-527,content-latest,correct,1,1,1,1;1;1;1;1;1;1;1
order-527,attempt-latest,correct,1,1,1,1;1;1;1;1;1;1;1
order-527,pinned-latest,correct,1,1,1,1;1;1;1;1;1;1;1
order-527,immutable-pinned,correct,1,1,1,1;1;1;1;1;1;1;1
order-528,content-latest,wrong,1,0,0,100;100;100;100;100;100;100;100
order-528,attempt-latest,wrong,1,0,0,100;100;100;100;100;100;100;100
order-528,pinned-latest,reject,0,0,0,
order-528,immutable-pinned,correct,1,1,1,1;1;1;1;1;1;1;1
order-529,content-latest,wrong,1,0,0,100;100;100;100;100;100;100;100
order-529,attempt-latest,wrong,1,0,0,100;100;100;100;100;100;100;100
order-529,pinned-latest,reject,0,0,0,
order-529,immutable-pinned,correct,1,1,1,1;1;1;1;1;1;1;1
order-530,content-latest,wrong,1,0,0,100;100;100;100;100;100;100;100
order-530,attempt-latest,wrong,1,0,0,100;100;100;100;100;100;100;100
order-530,pinned-latest,reject,0,0,0,
order-530,immutable-pinned,correct,1,1,1,1;1;1;1;1;1;1;1
order-531,content-latest,wrong,1,0,0,100;100;100;100;100;100;100;100
order-531,attempt-latest,wrong,1,0,0,100;100;100;100;100;100;100;100
order-531,pinned-latest,reject,0,0,0,
order-531,immutable-pinned,correct,1,1,1,1;1;1;1;1;1;1;1
order-532,content-latest,wrong,1,0,0,100;100;100;100;100;100;100;100
order-532,attempt-latest,wrong,1,0,0,100;100;100;100;100;100;100;100
order-532,pinned-latest,reject,0,0,0,
order-532,immutable-pinned,correct,1,1,1,1;1;1;1;1;1;1;1
order-533,content-latest,wrong,1,0,0,100;100;100;100;100;100;100;100
order-533,attempt-latest,wrong,1,0,0,100;100;100;100;100;100;100;100
order-533,pinned-latest,reject,0,0,0,
order-533,immutable-pinned,correct,1,1,1,1;1;1;1;1;1;1;1
order-534,content-latest,wrong,1,0,0,100;100;100;100;100;100;100;100
order-534,attempt-latest,wrong,1,0,0,100;100;100;100;100;100;100;100
order-534,pinned-latest,reject,0,0,0,
order-534,immutable-pinned,correct,1,1,1,1;1;1;1;1;1;1;1
order-535,content-latest,wrong,1,0,0,100;100;100;100;100;100;100;100
order-535,attempt-latest,wrong,1,0,0,100;100;100;100;100;100;100;100
order-535,pinned-latest,reject,0,0,0,
order-535,immutable-pinned,correct,1,1,1,1;1;1;1;1;1;1;1
order-536,content-latest,wrong,1,0,0,99;99;99;99;99;99;99;99
order-536,attempt-latest,wrong,1,0,0,99;99;99;99;99;99;99;99
order-536,pinned-latest,reject,0,0,0,
order-536,immutable-pinned,correct,1,1,1,1;1;1;1;1;1;1;1
order-537,content-latest,wrong,1,0,0,99;99;99;99;99;99;99;99
order-537,attempt-latest,wrong,1,0,0,99;99;99;99;99;99;99;99
order-537,pinned-latest,reject,0,0,0,
order-537,immutable-pinned,correct,1,1,1,1;1;1;1;1;1;1;1
order-538,content-latest,wrong,1,0,0,100;100;100;100;100;100;100;100
order-538,attempt-latest,wrong,1,0,0,100;100;100;100;100;100;100;100
order-538,pinned-latest,reject,0,0,0,
order-538,immutable-pinned,correct,1,1,1,1;1;1;1;1;1;1;1
order-539,content-latest,wrong,1,0,0,99;99;99;99;99;99;99;99
order-539,attempt-latest,wrong,1,0,0,99;99;99;99;99;99;99;99
order-539,pinned-latest,reject,0,0,0,
order-539,immutable-pinned,correct,1,1,1,1;1;1;1;1;1;1;1
order-540,content-latest,wrong,1,0,0,99;99;99;99;99;99;99;99
order-540,attempt-latest,wrong,1,0,0,99;99;99;99;99;99;99;99
order-540,pinned-latest,reject,0,0,0,
order-540,immutable-pinned,correct,1,1,1,1;1;1;1;1;1;1;1
order-541,content-latest,wrong,1,0,0,99;99;99;99;99;99;99;99
order-541,attempt-latest,wrong,1,0,0,99;99;99;99;99;99;99;99
order-541,pinned-latest,reject,0,0,0,
order-541,immutable-pinned,correct,1,1,1,1;1;1;1;1;1;1;1
order-542,content-latest,wrong,1,0,0,99;99;99;99;99;99;99;99
order-542,attempt-latest,wrong,1,0,0,99;99;99;99;99;99;99;99
order-542,pinned-latest,reject,0,0,0,
order-542,immutable-pinned,correct,1,1,1,1;1;1;1;1;1;1;1
order-543,content-latest,wrong,1,0,0,99;99;99;99;99;99;99;99
order-543,attempt-latest,wrong,1,0,0,99;99;99;99;99;99;99;99
order-543,pinned-latest,reject,0,0,0,
order-543,immutable-pinned,correct,1,1,1,1;1;1;1;1;1;1;1
order-544,content-latest,wrong,1,0,0,99;99;99;99;99;99;99;99
order-544,attempt-latest,wrong,1,0,0,99;99;99;99;99;99;99;99
order-544,pinned-latest,reject,0,0,0,
order-544,immutable-pinned,correct,1,1,1,1;1;1;1;1;1;1;1
order-545,content-latest,wrong,1,0,0,99;99;99;99;99;99;99;99
order-545,attempt-latest,wrong,1,0,0,99;99;99;99;99;99;99;99
order-545,pinned-latest,reject,0,0,0,
order-545,immutable-pinned,correct,1,1,1,1;1;1;1;1;1;1;1
order-546,content-latest,wrong,1,0,0,100;100;100;100;100;100;100;100
order-546,attempt-latest,wrong,1,0,0,100;100;100;100;100;100;100;100
order-546,pinned-latest,reject,0,0,0,
order-546,immutable-pinned,correct,1,1,1,1;1;1;1;1;1;1;1
order-547,content-latest,wrong,1,0,0,100;100;100;100;100;100;100;100
order-547,attempt-latest,wrong,1,0,0,100;100;100;100;100;100;100;100
order-547,pinned-latest,reject,0,0,0,
order-547,immutable-pinned,correct,1,1,1,1;1;1;1;1;1;1;1
order-548,content-latest,wrong,1,0,0,100;100;100;100;100;100;100;100
order-548,attempt-latest,wrong,1,0,0,100;100;100;100;100;100;100;100
order-548,pinned-latest,reject,0,0,0,
order-548,immutable-pinned,correct,1,1,1,1;1;1;1;1;1;1;1
order-549,content-latest,wrong,1,0,0,99;99;99;99;99;99;99;99
order-549,attempt-latest,wrong,1,0,0,99;99;99;99;99;99;99;99
order-549,pinned-latest,reject,0,0,0,
order-549,immutable-pinned,correct,1,1,1,1;1;1;1;1;1;1;1
order-550,content-latest,wrong,1,0,0,99;99;99;99;99;99;99;99
order-550,attempt-latest,wrong,1,0,0,99;99;99;99;99;99;99;99
order-550,pinned-latest,reject,0,0,0,
order-550,immutable-pinned,correct,1,1,1,1;1;1;1;1;1;1;1
order-551,content-latest,wrong,1,0,0,99;99;99;99;99;99;99;99
order-551,attempt-latest,wrong,1,0,0,99;99;99;99;99;99;99;99
order-551,pinned-latest,reject,0,0,0,
order-551,immutable-pinned,correct,1,1,1,1;1;1;1;1;1;1;1
order-552,content-latest,wrong,1,0,0,99;99;99;99;99;99;99;99
order-552,attempt-latest,wrong,1,0,0,99;99;99;99;99;99;99;99
order-552,pinned-latest,reject,0,0,0,
order-552,immutable-pinned,correct,1,1,1,1;1;1;1;1;1;1;1
order-553,content-latest,correct,1,1,1,1;1;1;1;1;1;1;1
order-553,attempt-latest,correct,1,1,1,1;1;1;1;1;1;1;1
order-553,pinned-latest,correct,1,1,1,1;1;1;1;1;1;1;1
order-553,immutable-pinned,correct,1,1,1,1;1;1;1;1;1;1;1
order-554,content-latest,wrong,1,0,0,99;99;99;99;99;99;99;99
order-554,attempt-latest,wrong,1,0,0,99;99;99;99;99;99;99;99
order-554,pinned-latest,reject,0,0,0,
order-554,immutable-pinned,correct,1,1,1,1;1;1;1;1;1;1;1
order-555,content-latest,wrong,1,0,0,99;99;99;99;99;99;99;99
order-555,attempt-latest,wrong,1,0,0,99;99;99;99;99;99;99;99
order-555,pinned-latest,reject,0,0,0,
order-555,immutable-pinned,correct,1,1,1,1;1;1;1;1;1;1;1
order-556,content-latest,correct,1,1,1,1;1;1;1;1;1;1;1
order-556,attempt-latest,correct,1,1,1,1;1;1;1;1;1;1;1
order-556,pinned-latest,correct,1,1,1,1;1;1;1;1;1;1;1
order-556,immutable-pinned,correct,1,1,1,1;1;1;1;1;1;1;1
order-557,content-latest,correct,1,1,1,1;1;1;1;1;1;1;1
order-557,attempt-latest,correct,1,1,1,1;1;1;1;1;1;1;1
order-557,pinned-latest,correct,1,1,1,1;1;1;1;1;1;1;1
order-557,immutable-pinned,correct,1,1,1,1;1;1;1;1;1;1;1
order-558,content-latest,wrong,1,0,0,99;99;99;99;99;99;99;99
order-558,attempt-latest,wrong,1,0,0,99;99;99;99;99;99;99;99
order-558,pinned-latest,reject,0,0,0,
order-558,immutable-pinned,correct,1,1,1,1;1;1;1;1;1;1;1
order-559,content-latest,correct,1,1,1,1;1;1;1;1;1;1;1
order-559,attempt-latest,correct,1,1,1,1;1;1;1;1;1;1;1
order-559,pinned-latest,correct,1,1,1,1;1;1;1;1;1;1;1
order-559,immutable-pinned,correct,1,1,1,1;1;1;1;1;1;1;1
order-560,content-latest,wrong,1,0,0,99;99;99;99;99;99;99;99
order-560,attempt-latest,wrong,1,0,0,99;99;99;99;99;99;99;99
order-560,pinned-latest,reject,0,0,0,
order-560,immutable-pinned,correct,1,1,1,1;1;1;1;1;1;1;1
order-561,content-latest,wrong,1,0,0,99;99;99;99;99;99;99;99
order-561,attempt-latest,wrong,1,0,0,99;99;99;99;99;99;99;99
order-561,pinned-latest,reject,0,0,0,
order-561,immutable-pinned,correct,1,1,1,1;1;1;1;1;1;1;1
order-562,content-latest,correct,1,1,1,1;1;1;1;1;1;1;1
order-562,attempt-latest,correct,1,1,1,1;1;1;1;1;1;1;1
order-562,pinned-latest,correct,1,1,1,1;1;1;1;1;1;1;1
order-562,immutable-pinned,correct,1,1,1,1;1;1;1;1;1;1;1
order-563,content-latest,correct,1,1,1,1;1;1;1;1;1;1;1
order-563,attempt-latest,correct,1,1,1,1;1;1;1;1;1;1;1
order-563,pinned-latest,correct,1,1,1,1;1;1;1;1;1;1;1
order-563,immutable-pinned,correct,1,1,1,1;1;1;1;1;1;1;1
order-564,content-latest,wrong,1,0,0,99;99;99;99;99;99;99;99
order-564,attempt-latest,wrong,1,0,0,99;99;99;99;99;99;99;99
order-564,pinned-latest,reject,0,0,0,
order-564,immutable-pinned,correct,1,1,1,1;1;1;1;1;1;1;1
order-565,content-latest,wrong,1,0,0,99;99;99;99;99;99;99;99
order-565,attempt-latest,wrong,1,0,0,99;99;99;99;99;99;99;99
order-565,pinned-latest,reject,0,0,0,
order-565,immutable-pinned,correct,1,1,1,1;1;1;1;1;1;1;1
order-566,content-latest,wrong,1,0,0,99;99;99;99;99;99;99;99
order-566,attempt-latest,wrong,1,0,0,99;99;99;99;99;99;99;99
order-566,pinned-latest,reject,0,0,0,
order-566,immutable-pinned,correct,1,1,1,1;1;1;1;1;1;1;1
order-567,content-latest,wrong,1,0,0,99;99;99;99;99;99;99;99
order-567,attempt-latest,wrong,1,0,0,99;99;99;99;99;99;99;99
order-567,pinned-latest,reject,0,0,0,
order-567,immutable-pinned,correct,1,1,1,1;1;1;1;1;1;1;1
order-568,content-latest,wrong,1,0,0,99;99;99;99;99;99;99;99
order-568,attempt-latest,wrong,1,0,0,99;99;99;99;99;99;99;99
order-568,pinned-latest,reject,0,0,0,
order-568,immutable-pinned,correct,1,1,1,1;1;1;1;1;1;1;1
order-569,content-latest,wrong,1,0,0,99;99;99;99;99;99;99;99
order-569,attempt-latest,wrong,1,0,0,99;99;99;99;99;99;99;99
order-569,pinned-latest,reject,0,0,0,
order-569,immutable-pinned,correct,1,1,1,1;1;1;1;1;1;1;1
order-570,content-latest,correct,1,1,1,1;1;1;1;1;1;1;1
order-570,attempt-latest,correct,1,1,1,1;1;1;1;1;1;1;1
order-570,pinned-latest,correct,1,1,1,1;1;1;1;1;1;1;1
order-570,immutable-pinned,correct,1,1,1,1;1;1;1;1;1;1;1
order-571,content-latest,correct,1,1,1,1;1;1;1;1;1;1;1
order-571,attempt-latest,correct,1,1,1,1;1;1;1;1;1;1;1
order-571,pinned-latest,correct,1,1,1,1;1;1;1;1;1;1;1
order-571,immutable-pinned,correct,1,1,1,1;1;1;1;1;1;1;1
order-572,content-latest,correct,1,1,1,1;1;1;1;1;1;1;1
order-572,attempt-latest,correct,1,1,1,1;1;1;1;1;1;1;1
order-572,pinned-latest,correct,1,1,1,1;1;1;1;1;1;1;1
order-572,immutable-pinned,correct,1,1,1,1;1;1;1;1;1;1;1
order-573,content-latest,correct,1,1,1,1;1;1;1;1;1;1;1
order-573,attempt-latest,correct,1,1,1,1;1;1;1;1;1;1;1
order-573,pinned-latest,correct,1,1,1,1;1;1;1;1;1;1;1
order-573,immutable-pinned,correct,1,1,1,1;1;1;1;1;1;1;1
order-574,content-latest,correct,1,1,1,1;1;1;1;1;1;1;1
order-574,attempt-latest,correct,1,1,1,1;1;1;1;1;1;1;1
order-574,pinned-latest,correct,1,1,1,1;1;1;1;1;1;1;1
order-574,immutable-pinned,correct,1,1,1,1;1;1;1;1;1;1;1
order-575,content-latest,correct,1,1,1,1;1;1;1;1;1;1;1
order-575,attempt-latest,correct,1,1,1,1;1;1;1;1;1;1;1
order-575,pinned-latest,correct,1,1,1,1;1;1;1;1;1;1;1
order-575,immutable-pinned,correct,1,1,1,1;1;1;1;1;1;1;1
order-576,content-latest,wrong,1,0,0,2;2;2;2;2;2;2;2
order-576,attempt-latest,wrong,1,0,0,2;2;2;2;2;2;2;2
order-576,pinned-latest,reject,0,0,0,
order-576,immutable-pinned,correct,1,1,1,1;1;1;1;1;1;1;1
order-577,content-latest,wrong,1,0,0,2;2;2;2;2;2;2;2
order-577,attempt-latest,wrong,1,0,0,2;2;2;2;2;2;2;2
order-577,pinned-latest,reject,0,0,0,
order-577,immutable-pinned,correct,1,1,1,1;1;1;1;1;1;1;1
order-578,content-latest,wrong,1,0,0,2;2;2;2;2;2;2;2
order-578,attempt-latest,wrong,1,0,0,2;2;2;2;2;2;2;2
order-578,pinned-latest,reject,0,0,0,
order-578,immutable-pinned,correct,1,1,1,1;1;1;1;1;1;1;1
order-579,content-latest,wrong,1,0,0,2;2;2;2;2;2;2;2
order-579,attempt-latest,wrong,1,0,0,2;2;2;2;2;2;2;2
order-579,pinned-latest,reject,0,0,0,
order-579,immutable-pinned,correct,1,1,1,1;1;1;1;1;1;1;1
order-580,content-latest,wrong,1,0,0,2;2;2;2;2;2;2;2
order-580,attempt-latest,wrong,1,0,0,2;2;2;2;2;2;2;2
order-580,pinned-latest,reject,0,0,0,
order-580,immutable-pinned,correct,1,1,1,1;1;1;1;1;1;1;1
order-581,content-latest,wrong,1,0,0,2;2;2;2;2;2;2;2
order-581,attempt-latest,wrong,1,0,0,2;2;2;2;2;2;2;2
order-581,pinned-latest,reject,0,0,0,
order-581,immutable-pinned,correct,1,1,1,1;1;1;1;1;1;1;1
order-582,content-latest,wrong,1,0,0,2;2;2;2;2;2;2;2
order-582,attempt-latest,wrong,1,0,0,2;2;2;2;2;2;2;2
order-582,pinned-latest,reject,0,0,0,
order-582,immutable-pinned,correct,1,1,1,1;1;1;1;1;1;1;1
order-583,content-latest,wrong,1,0,0,2;2;2;2;2;2;2;2
order-583,attempt-latest,wrong,1,0,0,2;2;2;2;2;2;2;2
order-583,pinned-latest,reject,0,0,0,
order-583,immutable-pinned,correct,1,1,1,1;1;1;1;1;1;1;1
order-584,content-latest,wrong,1,0,0,2;2;2;2;2;2;2;2
order-584,attempt-latest,wrong,1,0,0,2;2;2;2;2;2;2;2
order-584,pinned-latest,reject,0,0,0,
order-584,immutable-pinned,correct,1,1,1,1;1;1;1;1;1;1;1
order-585,content-latest,correct,1,1,1,1;1;1;1;1;1;1;1
order-585,attempt-latest,correct,1,1,1,1;1;1;1;1;1;1;1
order-585,pinned-latest,correct,1,1,1,1;1;1;1;1;1;1;1
order-585,immutable-pinned,correct,1,1,1,1;1;1;1;1;1;1;1
order-586,content-latest,correct,1,1,1,1;1;1;1;1;1;1;1
order-586,attempt-latest,correct,1,1,1,1;1;1;1;1;1;1;1
order-586,pinned-latest,correct,1,1,1,1;1;1;1;1;1;1;1
order-586,immutable-pinned,correct,1,1,1,1;1;1;1;1;1;1;1
order-587,content-latest,correct,1,1,1,1;1;1;1;1;1;1;1
order-587,attempt-latest,correct,1,1,1,1;1;1;1;1;1;1;1
order-587,pinned-latest,correct,1,1,1,1;1;1;1;1;1;1;1
order-587,immutable-pinned,correct,1,1,1,1;1;1;1;1;1;1;1
order-588,content-latest,wrong,1,0,0,2;2;2;2;2;2;2;2
order-588,attempt-latest,wrong,1,0,0,2;2;2;2;2;2;2;2
order-588,pinned-latest,reject,0,0,0,
order-588,immutable-pinned,correct,1,1,1,1;1;1;1;1;1;1;1
order-589,content-latest,wrong,1,0,0,2;2;2;2;2;2;2;2
order-589,attempt-latest,wrong,1,0,0,2;2;2;2;2;2;2;2
order-589,pinned-latest,reject,0,0,0,
order-589,immutable-pinned,correct,1,1,1,1;1;1;1;1;1;1;1
order-590,content-latest,wrong,1,0,0,2;2;2;2;2;2;2;2
order-590,attempt-latest,wrong,1,0,0,2;2;2;2;2;2;2;2
order-590,pinned-latest,reject,0,0,0,
order-590,immutable-pinned,correct,1,1,1,1;1;1;1;1;1;1;1
order-591,content-latest,correct,1,1,1,1;1;1;1;1;1;1;1
order-591,attempt-latest,correct,1,1,1,1;1;1;1;1;1;1;1
order-591,pinned-latest,correct,1,1,1,1;1;1;1;1;1;1;1
order-591,immutable-pinned,correct,1,1,1,1;1;1;1;1;1;1;1
order-592,content-latest,correct,1,1,1,1;1;1;1;1;1;1;1
order-592,attempt-latest,correct,1,1,1,1;1;1;1;1;1;1;1
order-592,pinned-latest,correct,1,1,1,1;1;1;1;1;1;1;1
order-592,immutable-pinned,correct,1,1,1,1;1;1;1;1;1;1;1
order-593,content-latest,correct,1,1,1,1;1;1;1;1;1;1;1
order-593,attempt-latest,correct,1,1,1,1;1;1;1;1;1;1;1
order-593,pinned-latest,correct,1,1,1,1;1;1;1;1;1;1;1
order-593,immutable-pinned,correct,1,1,1,1;1;1;1;1;1;1;1
order-594,content-latest,correct,1,1,1,1;1;1;1;1;1;1;1
order-594,attempt-latest,correct,1,1,1,1;1;1;1;1;1;1;1
order-594,pinned-latest,correct,1,1,1,1;1;1;1;1;1;1;1
order-594,immutable-pinned,correct,1,1,1,1;1;1;1;1;1;1;1
order-595,content-latest,correct,1,1,1,1;1;1;1;1;1;1;1
order-595,attempt-latest,correct,1,1,1,1;1;1;1;1;1;1;1
order-595,pinned-latest,correct,1,1,1,1;1;1;1;1;1;1;1
order-595,immutable-pinned,correct,1,1,1,1;1;1;1;1;1;1;1
order-596,content-latest,correct,1,1,1,1;1;1;1;1;1;1;1
order-596,attempt-latest,correct,1,1,1,1;1;1;1;1;1;1;1
order-596,pinned-latest,correct,1,1,1,1;1;1;1;1;1;1;1
order-596,immutable-pinned,correct,1,1,1,1;1;1;1;1;1;1;1
order-597,content-latest,correct,1,1,1,1;1;1;1;1;1;1;1
order-597,attempt-latest,correct,1,1,1,1;1;1;1;1;1;1;1
order-597,pinned-latest,correct,1,1,1,1;1;1;1;1;1;1;1
order-597,immutable-pinned,correct,1,1,1,1;1;1;1;1;1;1;1
order-598,content-latest,correct,1,1,1,1;1;1;1;1;1;1;1
order-598,attempt-latest,correct,1,1,1,1;1;1;1;1;1;1;1
order-598,pinned-latest,correct,1,1,1,1;1;1;1;1;1;1;1
order-598,immutable-pinned,correct,1,1,1,1;1;1;1;1;1;1;1
order-599,content-latest,correct,1,1,1,1;1;1;1;1;1;1;1
order-599,attempt-latest,correct,1,1,1,1;1;1;1;1;1;1;1
order-599,pinned-latest,correct,1,1,1,1;1;1;1;1;1;1;1
order-599,immutable-pinned,correct,1,1,1,1;1;1;1;1;1;1;1
order-600,content-latest,wrong,1,0,0,4;4;4;4;4;4;4;4
order-600,attempt-latest,wrong,1,0,0,4;4;4;4;4;4;4;4
order-600,pinned-latest,reject,0,0,0,
order-600,immutable-pinned,correct,1,1,1,1;1;1;1;1;1;1;1
order-601,content-latest,wrong,1,0,0,4;4;4;4;4;4;4;4
order-601,attempt-latest,wrong,1,0,0,4;4;4;4;4;4;4;4
order-601,pinned-latest,reject,0,0,0,
order-601,immutable-pinned,correct,1,1,1,1;1;1;1;1;1;1;1
order-602,content-latest,wrong,1,0,0,4;4;4;4;4;4;4;4
order-602,attempt-latest,wrong,1,0,0,4;4;4;4;4;4;4;4
order-602,pinned-latest,reject,0,0,0,
order-602,immutable-pinned,correct,1,1,1,1;1;1;1;1;1;1;1
order-603,content-latest,wrong,1,0,0,4;4;4;4;4;4;4;4
order-603,attempt-latest,wrong,1,0,0,4;4;4;4;4;4;4;4
order-603,pinned-latest,reject,0,0,0,
order-603,immutable-pinned,correct,1,1,1,1;1;1;1;1;1;1;1
order-604,content-latest,wrong,1,0,0,4;4;4;4;4;4;4;4
order-604,attempt-latest,wrong,1,0,0,4;4;4;4;4;4;4;4
order-604,pinned-latest,reject,0,0,0,
order-604,immutable-pinned,correct,1,1,1,1;1;1;1;1;1;1;1
order-605,content-latest,wrong,1,0,0,4;4;4;4;4;4;4;4
order-605,attempt-latest,wrong,1,0,0,4;4;4;4;4;4;4;4
order-605,pinned-latest,reject,0,0,0,
order-605,immutable-pinned,correct,1,1,1,1;1;1;1;1;1;1;1
order-606,content-latest,wrong,1,0,0,4;4;4;4;4;4;4;4
order-606,attempt-latest,wrong,1,0,0,4;4;4;4;4;4;4;4
order-606,pinned-latest,reject,0,0,0,
order-606,immutable-pinned,correct,1,1,1,1;1;1;1;1;1;1;1
order-607,content-latest,wrong,1,0,0,4;4;4;4;4;4;4;4
order-607,attempt-latest,wrong,1,0,0,4;4;4;4;4;4;4;4
order-607,pinned-latest,reject,0,0,0,
order-607,immutable-pinned,correct,1,1,1,1;1;1;1;1;1;1;1
order-608,content-latest,wrong,1,0,0,4;4;4;4;4;4;4;4
order-608,attempt-latest,wrong,1,0,0,4;4;4;4;4;4;4;4
order-608,pinned-latest,reject,0,0,0,
order-608,immutable-pinned,correct,1,1,1,1;1;1;1;1;1;1;1
order-609,content-latest,wrong,1,0,0,2;2;2;2;2;2;2;2
order-609,attempt-latest,wrong,1,0,0,2;2;2;2;2;2;2;2
order-609,pinned-latest,reject,0,0,0,
order-609,immutable-pinned,correct,1,1,1,1;1;1;1;1;1;1;1
order-610,content-latest,wrong,1,0,0,2;2;2;2;2;2;2;2
order-610,attempt-latest,wrong,1,0,0,2;2;2;2;2;2;2;2
order-610,pinned-latest,reject,0,0,0,
order-610,immutable-pinned,correct,1,1,1,1;1;1;1;1;1;1;1
order-611,content-latest,wrong,1,0,0,2;2;2;2;2;2;2;2
order-611,attempt-latest,wrong,1,0,0,2;2;2;2;2;2;2;2
order-611,pinned-latest,reject,0,0,0,
order-611,immutable-pinned,correct,1,1,1,1;1;1;1;1;1;1;1
order-612,content-latest,wrong,1,0,0,4;4;4;4;4;4;4;4
order-612,attempt-latest,wrong,1,0,0,4;4;4;4;4;4;4;4
order-612,pinned-latest,reject,0,0,0,
order-612,immutable-pinned,correct,1,1,1,1;1;1;1;1;1;1;1
order-613,content-latest,wrong,1,0,0,4;4;4;4;4;4;4;4
order-613,attempt-latest,wrong,1,0,0,4;4;4;4;4;4;4;4
order-613,pinned-latest,reject,0,0,0,
order-613,immutable-pinned,correct,1,1,1,1;1;1;1;1;1;1;1
order-614,content-latest,wrong,1,0,0,4;4;4;4;4;4;4;4
order-614,attempt-latest,wrong,1,0,0,4;4;4;4;4;4;4;4
order-614,pinned-latest,reject,0,0,0,
order-614,immutable-pinned,correct,1,1,1,1;1;1;1;1;1;1;1
order-615,content-latest,wrong,1,0,0,2;2;2;2;2;2;2;2
order-615,attempt-latest,wrong,1,0,0,2;2;2;2;2;2;2;2
order-615,pinned-latest,reject,0,0,0,
order-615,immutable-pinned,correct,1,1,1,1;1;1;1;1;1;1;1
order-616,content-latest,wrong,1,0,0,2;2;2;2;2;2;2;2
order-616,attempt-latest,wrong,1,0,0,2;2;2;2;2;2;2;2
order-616,pinned-latest,reject,0,0,0,
order-616,immutable-pinned,correct,1,1,1,1;1;1;1;1;1;1;1
order-617,content-latest,wrong,1,0,0,2;2;2;2;2;2;2;2
order-617,attempt-latest,wrong,1,0,0,2;2;2;2;2;2;2;2
order-617,pinned-latest,reject,0,0,0,
order-617,immutable-pinned,correct,1,1,1,1;1;1;1;1;1;1;1
order-618,content-latest,wrong,1,0,0,2;2;2;2;2;2;2;2
order-618,attempt-latest,wrong,1,0,0,2;2;2;2;2;2;2;2
order-618,pinned-latest,reject,0,0,0,
order-618,immutable-pinned,correct,1,1,1,1;1;1;1;1;1;1;1
order-619,content-latest,wrong,1,0,0,2;2;2;2;2;2;2;2
order-619,attempt-latest,wrong,1,0,0,2;2;2;2;2;2;2;2
order-619,pinned-latest,reject,0,0,0,
order-619,immutable-pinned,correct,1,1,1,1;1;1;1;1;1;1;1
order-620,content-latest,wrong,1,0,0,2;2;2;2;2;2;2;2
order-620,attempt-latest,wrong,1,0,0,2;2;2;2;2;2;2;2
order-620,pinned-latest,reject,0,0,0,
order-620,immutable-pinned,correct,1,1,1,1;1;1;1;1;1;1;1
order-621,content-latest,wrong,1,0,0,2;2;2;2;2;2;2;2
order-621,attempt-latest,wrong,1,0,0,2;2;2;2;2;2;2;2
order-621,pinned-latest,reject,0,0,0,
order-621,immutable-pinned,correct,1,1,1,1;1;1;1;1;1;1;1
order-622,content-latest,wrong,1,0,0,2;2;2;2;2;2;2;2
order-622,attempt-latest,wrong,1,0,0,2;2;2;2;2;2;2;2
order-622,pinned-latest,reject,0,0,0,
order-622,immutable-pinned,correct,1,1,1,1;1;1;1;1;1;1;1
order-623,content-latest,wrong,1,0,0,2;2;2;2;2;2;2;2
order-623,attempt-latest,wrong,1,0,0,2;2;2;2;2;2;2;2
order-623,pinned-latest,reject,0,0,0,
order-623,immutable-pinned,correct,1,1,1,1;1;1;1;1;1;1;1
order-624,content-latest,wrong,1,0,0,4;4;4;4;4;4;4;4
order-624,attempt-latest,wrong,1,0,0,4;4;4;4;4;4;4;4
order-624,pinned-latest,reject,0,0,0,
order-624,immutable-pinned,correct,1,1,1,1;1;1;1;1;1;1;1
order-625,content-latest,wrong,1,0,0,4;4;4;4;4;4;4;4
order-625,attempt-latest,wrong,1,0,0,4;4;4;4;4;4;4;4
order-625,pinned-latest,reject,0,0,0,
order-625,immutable-pinned,correct,1,1,1,1;1;1;1;1;1;1;1
order-626,content-latest,wrong,1,0,0,4;4;4;4;4;4;4;4
order-626,attempt-latest,wrong,1,0,0,4;4;4;4;4;4;4;4
order-626,pinned-latest,reject,0,0,0,
order-626,immutable-pinned,correct,1,1,1,1;1;1;1;1;1;1;1
order-627,content-latest,wrong,1,0,0,4;4;4;4;4;4;4;4
order-627,attempt-latest,wrong,1,0,0,4;4;4;4;4;4;4;4
order-627,pinned-latest,reject,0,0,0,
order-627,immutable-pinned,correct,1,1,1,1;1;1;1;1;1;1;1
order-628,content-latest,wrong,1,0,0,4;4;4;4;4;4;4;4
order-628,attempt-latest,wrong,1,0,0,4;4;4;4;4;4;4;4
order-628,pinned-latest,reject,0,0,0,
order-628,immutable-pinned,correct,1,1,1,1;1;1;1;1;1;1;1
order-629,content-latest,wrong,1,0,0,4;4;4;4;4;4;4;4
order-629,attempt-latest,wrong,1,0,0,4;4;4;4;4;4;4;4
order-629,pinned-latest,reject,0,0,0,
order-629,immutable-pinned,correct,1,1,1,1;1;1;1;1;1;1;1
order-630,content-latest,wrong,1,0,0,4;4;4;4;4;4;4;4
order-630,attempt-latest,wrong,1,0,0,4;4;4;4;4;4;4;4
order-630,pinned-latest,reject,0,0,0,
order-630,immutable-pinned,correct,1,1,1,1;1;1;1;1;1;1;1
order-631,content-latest,wrong,1,0,0,4;4;4;4;4;4;4;4
order-631,attempt-latest,wrong,1,0,0,4;4;4;4;4;4;4;4
order-631,pinned-latest,reject,0,0,0,
order-631,immutable-pinned,correct,1,1,1,1;1;1;1;1;1;1;1
order-632,content-latest,wrong,1,0,0,3;3;3;3;3;3;3;3
order-632,attempt-latest,wrong,1,0,0,3;3;3;3;3;3;3;3
order-632,pinned-latest,reject,0,0,0,
order-632,immutable-pinned,correct,1,1,1,1;1;1;1;1;1;1;1
order-633,content-latest,wrong,1,0,0,3;3;3;3;3;3;3;3
order-633,attempt-latest,wrong,1,0,0,3;3;3;3;3;3;3;3
order-633,pinned-latest,reject,0,0,0,
order-633,immutable-pinned,correct,1,1,1,1;1;1;1;1;1;1;1
order-634,content-latest,wrong,1,0,0,4;4;4;4;4;4;4;4
order-634,attempt-latest,wrong,1,0,0,4;4;4;4;4;4;4;4
order-634,pinned-latest,reject,0,0,0,
order-634,immutable-pinned,correct,1,1,1,1;1;1;1;1;1;1;1
order-635,content-latest,wrong,1,0,0,3;3;3;3;3;3;3;3
order-635,attempt-latest,wrong,1,0,0,3;3;3;3;3;3;3;3
order-635,pinned-latest,reject,0,0,0,
order-635,immutable-pinned,correct,1,1,1,1;1;1;1;1;1;1;1
order-636,content-latest,wrong,1,0,0,3;3;3;3;3;3;3;3
order-636,attempt-latest,wrong,1,0,0,3;3;3;3;3;3;3;3
order-636,pinned-latest,reject,0,0,0,
order-636,immutable-pinned,correct,1,1,1,1;1;1;1;1;1;1;1
order-637,content-latest,wrong,1,0,0,3;3;3;3;3;3;3;3
order-637,attempt-latest,wrong,1,0,0,3;3;3;3;3;3;3;3
order-637,pinned-latest,reject,0,0,0,
order-637,immutable-pinned,correct,1,1,1,1;1;1;1;1;1;1;1
order-638,content-latest,wrong,1,0,0,3;3;3;3;3;3;3;3
order-638,attempt-latest,wrong,1,0,0,3;3;3;3;3;3;3;3
order-638,pinned-latest,reject,0,0,0,
order-638,immutable-pinned,correct,1,1,1,1;1;1;1;1;1;1;1
order-639,content-latest,wrong,1,0,0,3;3;3;3;3;3;3;3
order-639,attempt-latest,wrong,1,0,0,3;3;3;3;3;3;3;3
order-639,pinned-latest,reject,0,0,0,
order-639,immutable-pinned,correct,1,1,1,1;1;1;1;1;1;1;1
order-640,content-latest,wrong,1,0,0,3;3;3;3;3;3;3;3
order-640,attempt-latest,wrong,1,0,0,3;3;3;3;3;3;3;3
order-640,pinned-latest,reject,0,0,0,
order-640,immutable-pinned,correct,1,1,1,1;1;1;1;1;1;1;1
order-641,content-latest,wrong,1,0,0,3;3;3;3;3;3;3;3
order-641,attempt-latest,wrong,1,0,0,3;3;3;3;3;3;3;3
order-641,pinned-latest,reject,0,0,0,
order-641,immutable-pinned,correct,1,1,1,1;1;1;1;1;1;1;1
order-642,content-latest,wrong,1,0,0,4;4;4;4;4;4;4;4
order-642,attempt-latest,wrong,1,0,0,4;4;4;4;4;4;4;4
order-642,pinned-latest,reject,0,0,0,
order-642,immutable-pinned,correct,1,1,1,1;1;1;1;1;1;1;1
order-643,content-latest,wrong,1,0,0,4;4;4;4;4;4;4;4
order-643,attempt-latest,wrong,1,0,0,4;4;4;4;4;4;4;4
order-643,pinned-latest,reject,0,0,0,
order-643,immutable-pinned,correct,1,1,1,1;1;1;1;1;1;1;1
order-644,content-latest,wrong,1,0,0,4;4;4;4;4;4;4;4
order-644,attempt-latest,wrong,1,0,0,4;4;4;4;4;4;4;4
order-644,pinned-latest,reject,0,0,0,
order-644,immutable-pinned,correct,1,1,1,1;1;1;1;1;1;1;1
order-645,content-latest,wrong,1,0,0,3;3;3;3;3;3;3;3
order-645,attempt-latest,wrong,1,0,0,3;3;3;3;3;3;3;3
order-645,pinned-latest,reject,0,0,0,
order-645,immutable-pinned,correct,1,1,1,1;1;1;1;1;1;1;1
order-646,content-latest,wrong,1,0,0,3;3;3;3;3;3;3;3
order-646,attempt-latest,wrong,1,0,0,3;3;3;3;3;3;3;3
order-646,pinned-latest,reject,0,0,0,
order-646,immutable-pinned,correct,1,1,1,1;1;1;1;1;1;1;1
order-647,content-latest,wrong,1,0,0,3;3;3;3;3;3;3;3
order-647,attempt-latest,wrong,1,0,0,3;3;3;3;3;3;3;3
order-647,pinned-latest,reject,0,0,0,
order-647,immutable-pinned,correct,1,1,1,1;1;1;1;1;1;1;1
order-648,content-latest,wrong,1,0,0,4;4;4;4;4;4;4;4
order-648,attempt-latest,wrong,1,0,0,4;4;4;4;4;4;4;4
order-648,pinned-latest,reject,0,0,0,
order-648,immutable-pinned,correct,1,1,1,1;1;1;1;1;1;1;1
order-649,content-latest,wrong,1,0,0,4;4;4;4;4;4;4;4
order-649,attempt-latest,wrong,1,0,0,4;4;4;4;4;4;4;4
order-649,pinned-latest,reject,0,0,0,
order-649,immutable-pinned,correct,1,1,1,1;1;1;1;1;1;1;1
order-650,content-latest,wrong,1,0,0,4;4;4;4;4;4;4;4
order-650,attempt-latest,wrong,1,0,0,4;4;4;4;4;4;4;4
order-650,pinned-latest,reject,0,0,0,
order-650,immutable-pinned,correct,1,1,1,1;1;1;1;1;1;1;1
order-651,content-latest,wrong,1,0,0,2;2;2;2;2;2;2;2
order-651,attempt-latest,wrong,1,0,0,2;2;2;2;2;2;2;2
order-651,pinned-latest,reject,0,0,0,
order-651,immutable-pinned,correct,1,1,1,1;1;1;1;1;1;1;1
order-652,content-latest,wrong,1,0,0,2;2;2;2;2;2;2;2
order-652,attempt-latest,wrong,1,0,0,2;2;2;2;2;2;2;2
order-652,pinned-latest,reject,0,0,0,
order-652,immutable-pinned,correct,1,1,1,1;1;1;1;1;1;1;1
order-653,content-latest,wrong,1,0,0,2;2;2;2;2;2;2;2
order-653,attempt-latest,wrong,1,0,0,2;2;2;2;2;2;2;2
order-653,pinned-latest,reject,0,0,0,
order-653,immutable-pinned,correct,1,1,1,1;1;1;1;1;1;1;1
order-654,content-latest,wrong,1,0,0,4;4;4;4;4;4;4;4
order-654,attempt-latest,wrong,1,0,0,4;4;4;4;4;4;4;4
order-654,pinned-latest,reject,0,0,0,
order-654,immutable-pinned,correct,1,1,1,1;1;1;1;1;1;1;1
order-655,content-latest,wrong,1,0,0,4;4;4;4;4;4;4;4
order-655,attempt-latest,wrong,1,0,0,4;4;4;4;4;4;4;4
order-655,pinned-latest,reject,0,0,0,
order-655,immutable-pinned,correct,1,1,1,1;1;1;1;1;1;1;1
order-656,content-latest,wrong,1,0,0,3;3;3;3;3;3;3;3
order-656,attempt-latest,wrong,1,0,0,3;3;3;3;3;3;3;3
order-656,pinned-latest,reject,0,0,0,
order-656,immutable-pinned,correct,1,1,1,1;1;1;1;1;1;1;1
order-657,content-latest,wrong,1,0,0,3;3;3;3;3;3;3;3
order-657,attempt-latest,wrong,1,0,0,3;3;3;3;3;3;3;3
order-657,pinned-latest,reject,0,0,0,
order-657,immutable-pinned,correct,1,1,1,1;1;1;1;1;1;1;1
order-658,content-latest,wrong,1,0,0,4;4;4;4;4;4;4;4
order-658,attempt-latest,wrong,1,0,0,4;4;4;4;4;4;4;4
order-658,pinned-latest,reject,0,0,0,
order-658,immutable-pinned,correct,1,1,1,1;1;1;1;1;1;1;1
order-659,content-latest,wrong,1,0,0,3;3;3;3;3;3;3;3
order-659,attempt-latest,wrong,1,0,0,3;3;3;3;3;3;3;3
order-659,pinned-latest,reject,0,0,0,
order-659,immutable-pinned,correct,1,1,1,1;1;1;1;1;1;1;1
order-660,content-latest,wrong,1,0,0,3;3;3;3;3;3;3;3
order-660,attempt-latest,wrong,1,0,0,3;3;3;3;3;3;3;3
order-660,pinned-latest,reject,0,0,0,
order-660,immutable-pinned,correct,1,1,1,1;1;1;1;1;1;1;1
order-661,content-latest,correct,1,1,1,1;1;1;1;1;1;1;1
order-661,attempt-latest,correct,1,1,1,1;1;1;1;1;1;1;1
order-661,pinned-latest,correct,1,1,1,1;1;1;1;1;1;1;1
order-661,immutable-pinned,correct,1,1,1,1;1;1;1;1;1;1;1
order-662,content-latest,wrong,1,0,0,3;3;3;3;3;3;3;3
order-662,attempt-latest,wrong,1,0,0,3;3;3;3;3;3;3;3
order-662,pinned-latest,reject,0,0,0,
order-662,immutable-pinned,correct,1,1,1,1;1;1;1;1;1;1;1
order-663,content-latest,wrong,1,0,0,3;3;3;3;3;3;3;3
order-663,attempt-latest,wrong,1,0,0,3;3;3;3;3;3;3;3
order-663,pinned-latest,reject,0,0,0,
order-663,immutable-pinned,correct,1,1,1,1;1;1;1;1;1;1;1
order-664,content-latest,correct,1,1,1,1;1;1;1;1;1;1;1
order-664,attempt-latest,correct,1,1,1,1;1;1;1;1;1;1;1
order-664,pinned-latest,correct,1,1,1,1;1;1;1;1;1;1;1
order-664,immutable-pinned,correct,1,1,1,1;1;1;1;1;1;1;1
order-665,content-latest,correct,1,1,1,1;1;1;1;1;1;1;1
order-665,attempt-latest,correct,1,1,1,1;1;1;1;1;1;1;1
order-665,pinned-latest,correct,1,1,1,1;1;1;1;1;1;1;1
order-665,immutable-pinned,correct,1,1,1,1;1;1;1;1;1;1;1
order-666,content-latest,wrong,1,0,0,2;2;2;2;2;2;2;2
order-666,attempt-latest,wrong,1,0,0,2;2;2;2;2;2;2;2
order-666,pinned-latest,reject,0,0,0,
order-666,immutable-pinned,correct,1,1,1,1;1;1;1;1;1;1;1
order-667,content-latest,wrong,1,0,0,2;2;2;2;2;2;2;2
order-667,attempt-latest,wrong,1,0,0,2;2;2;2;2;2;2;2
order-667,pinned-latest,reject,0,0,0,
order-667,immutable-pinned,correct,1,1,1,1;1;1;1;1;1;1;1
order-668,content-latest,wrong,1,0,0,2;2;2;2;2;2;2;2
order-668,attempt-latest,wrong,1,0,0,2;2;2;2;2;2;2;2
order-668,pinned-latest,reject,0,0,0,
order-668,immutable-pinned,correct,1,1,1,1;1;1;1;1;1;1;1
order-669,content-latest,correct,1,1,1,1;1;1;1;1;1;1;1
order-669,attempt-latest,correct,1,1,1,1;1;1;1;1;1;1;1
order-669,pinned-latest,correct,1,1,1,1;1;1;1;1;1;1;1
order-669,immutable-pinned,correct,1,1,1,1;1;1;1;1;1;1;1
order-670,content-latest,correct,1,1,1,1;1;1;1;1;1;1;1
order-670,attempt-latest,correct,1,1,1,1;1;1;1;1;1;1;1
order-670,pinned-latest,correct,1,1,1,1;1;1;1;1;1;1;1
order-670,immutable-pinned,correct,1,1,1,1;1;1;1;1;1;1;1
order-671,content-latest,correct,1,1,1,1;1;1;1;1;1;1;1
order-671,attempt-latest,correct,1,1,1,1;1;1;1;1;1;1;1
order-671,pinned-latest,correct,1,1,1,1;1;1;1;1;1;1;1
order-671,immutable-pinned,correct,1,1,1,1;1;1;1;1;1;1;1
order-672,content-latest,wrong,1,0,0,3;3;3;3;3;3;3;3
order-672,attempt-latest,wrong,1,0,0,3;3;3;3;3;3;3;3
order-672,pinned-latest,reject,0,0,0,
order-672,immutable-pinned,correct,1,1,1,1;1;1;1;1;1;1;1
order-673,content-latest,wrong,1,0,0,3;3;3;3;3;3;3;3
order-673,attempt-latest,wrong,1,0,0,3;3;3;3;3;3;3;3
order-673,pinned-latest,reject,0,0,0,
order-673,immutable-pinned,correct,1,1,1,1;1;1;1;1;1;1;1
order-674,content-latest,wrong,1,0,0,3;3;3;3;3;3;3;3
order-674,attempt-latest,wrong,1,0,0,3;3;3;3;3;3;3;3
order-674,pinned-latest,reject,0,0,0,
order-674,immutable-pinned,correct,1,1,1,1;1;1;1;1;1;1;1
order-675,content-latest,correct,1,1,1,1;1;1;1;1;1;1;1
order-675,attempt-latest,correct,1,1,1,1;1;1;1;1;1;1;1
order-675,pinned-latest,correct,1,1,1,1;1;1;1;1;1;1;1
order-675,immutable-pinned,correct,1,1,1,1;1;1;1;1;1;1;1
order-676,content-latest,correct,1,1,1,1;1;1;1;1;1;1;1
order-676,attempt-latest,correct,1,1,1,1;1;1;1;1;1;1;1
order-676,pinned-latest,correct,1,1,1,1;1;1;1;1;1;1;1
order-676,immutable-pinned,correct,1,1,1,1;1;1;1;1;1;1;1
order-677,content-latest,correct,1,1,1,1;1;1;1;1;1;1;1
order-677,attempt-latest,correct,1,1,1,1;1;1;1;1;1;1;1
order-677,pinned-latest,correct,1,1,1,1;1;1;1;1;1;1;1
order-677,immutable-pinned,correct,1,1,1,1;1;1;1;1;1;1;1
order-678,content-latest,wrong,1,0,0,3;3;3;3;3;3;3;3
order-678,attempt-latest,wrong,1,0,0,3;3;3;3;3;3;3;3
order-678,pinned-latest,reject,0,0,0,
order-678,immutable-pinned,correct,1,1,1,1;1;1;1;1;1;1;1
order-679,content-latest,wrong,1,0,0,3;3;3;3;3;3;3;3
order-679,attempt-latest,wrong,1,0,0,3;3;3;3;3;3;3;3
order-679,pinned-latest,reject,0,0,0,
order-679,immutable-pinned,correct,1,1,1,1;1;1;1;1;1;1;1
order-680,content-latest,wrong,1,0,0,3;3;3;3;3;3;3;3
order-680,attempt-latest,wrong,1,0,0,3;3;3;3;3;3;3;3
order-680,pinned-latest,reject,0,0,0,
order-680,immutable-pinned,correct,1,1,1,1;1;1;1;1;1;1;1
order-681,content-latest,wrong,1,0,0,3;3;3;3;3;3;3;3
order-681,attempt-latest,wrong,1,0,0,3;3;3;3;3;3;3;3
order-681,pinned-latest,reject,0,0,0,
order-681,immutable-pinned,correct,1,1,1,1;1;1;1;1;1;1;1
order-682,content-latest,wrong,1,0,0,3;3;3;3;3;3;3;3
order-682,attempt-latest,wrong,1,0,0,3;3;3;3;3;3;3;3
order-682,pinned-latest,reject,0,0,0,
order-682,immutable-pinned,correct,1,1,1,1;1;1;1;1;1;1;1
order-683,content-latest,wrong,1,0,0,3;3;3;3;3;3;3;3
order-683,attempt-latest,wrong,1,0,0,3;3;3;3;3;3;3;3
order-683,pinned-latest,reject,0,0,0,
order-683,immutable-pinned,correct,1,1,1,1;1;1;1;1;1;1;1
order-684,content-latest,wrong,1,0,0,3;3;3;3;3;3;3;3
order-684,attempt-latest,wrong,1,0,0,3;3;3;3;3;3;3;3
order-684,pinned-latest,reject,0,0,0,
order-684,immutable-pinned,correct,1,1,1,1;1;1;1;1;1;1;1
order-685,content-latest,correct,1,1,1,1;1;1;1;1;1;1;1
order-685,attempt-latest,correct,1,1,1,1;1;1;1;1;1;1;1
order-685,pinned-latest,correct,1,1,1,1;1;1;1;1;1;1;1
order-685,immutable-pinned,correct,1,1,1,1;1;1;1;1;1;1;1
order-686,content-latest,wrong,1,0,0,3;3;3;3;3;3;3;3
order-686,attempt-latest,wrong,1,0,0,3;3;3;3;3;3;3;3
order-686,pinned-latest,reject,0,0,0,
order-686,immutable-pinned,correct,1,1,1,1;1;1;1;1;1;1;1
order-687,content-latest,wrong,1,0,0,3;3;3;3;3;3;3;3
order-687,attempt-latest,wrong,1,0,0,3;3;3;3;3;3;3;3
order-687,pinned-latest,reject,0,0,0,
order-687,immutable-pinned,correct,1,1,1,1;1;1;1;1;1;1;1
order-688,content-latest,correct,1,1,1,1;1;1;1;1;1;1;1
order-688,attempt-latest,correct,1,1,1,1;1;1;1;1;1;1;1
order-688,pinned-latest,correct,1,1,1,1;1;1;1;1;1;1;1
order-688,immutable-pinned,correct,1,1,1,1;1;1;1;1;1;1;1
order-689,content-latest,correct,1,1,1,1;1;1;1;1;1;1;1
order-689,attempt-latest,correct,1,1,1,1;1;1;1;1;1;1;1
order-689,pinned-latest,correct,1,1,1,1;1;1;1;1;1;1;1
order-689,immutable-pinned,correct,1,1,1,1;1;1;1;1;1;1;1
order-690,content-latest,correct,1,1,1,1;1;1;1;1;1;1;1
order-690,attempt-latest,correct,1,1,1,1;1;1;1;1;1;1;1
order-690,pinned-latest,correct,1,1,1,1;1;1;1;1;1;1;1
order-690,immutable-pinned,correct,1,1,1,1;1;1;1;1;1;1;1
order-691,content-latest,correct,1,1,1,1;1;1;1;1;1;1;1
order-691,attempt-latest,correct,1,1,1,1;1;1;1;1;1;1;1
order-691,pinned-latest,correct,1,1,1,1;1;1;1;1;1;1;1
order-691,immutable-pinned,correct,1,1,1,1;1;1;1;1;1;1;1
order-692,content-latest,correct,1,1,1,1;1;1;1;1;1;1;1
order-692,attempt-latest,correct,1,1,1,1;1;1;1;1;1;1;1
order-692,pinned-latest,correct,1,1,1,1;1;1;1;1;1;1;1
order-692,immutable-pinned,correct,1,1,1,1;1;1;1;1;1;1;1
order-693,content-latest,correct,1,1,1,1;1;1;1;1;1;1;1
order-693,attempt-latest,correct,1,1,1,1;1;1;1;1;1;1;1
order-693,pinned-latest,correct,1,1,1,1;1;1;1;1;1;1;1
order-693,immutable-pinned,correct,1,1,1,1;1;1;1;1;1;1;1
order-694,content-latest,correct,1,1,1,1;1;1;1;1;1;1;1
order-694,attempt-latest,correct,1,1,1,1;1;1;1;1;1;1;1
order-694,pinned-latest,correct,1,1,1,1;1;1;1;1;1;1;1
order-694,immutable-pinned,correct,1,1,1,1;1;1;1;1;1;1;1
order-695,content-latest,correct,1,1,1,1;1;1;1;1;1;1;1
order-695,attempt-latest,correct,1,1,1,1;1;1;1;1;1;1;1
order-695,pinned-latest,correct,1,1,1,1;1;1;1;1;1;1;1
order-695,immutable-pinned,correct,1,1,1,1;1;1;1;1;1;1;1
order-696,content-latest,wrong,1,0,0,2;2;2;2;2;2;2;2
order-696,attempt-latest,wrong,1,0,0,2;2;2;2;2;2;2;2
order-696,pinned-latest,reject,0,0,0,
order-696,immutable-pinned,correct,1,1,1,1;1;1;1;1;1;1;1
order-697,content-latest,wrong,1,0,0,2;2;2;2;2;2;2;2
order-697,attempt-latest,wrong,1,0,0,2;2;2;2;2;2;2;2
order-697,pinned-latest,reject,0,0,0,
order-697,immutable-pinned,correct,1,1,1,1;1;1;1;1;1;1;1
order-698,content-latest,wrong,1,0,0,2;2;2;2;2;2;2;2
order-698,attempt-latest,wrong,1,0,0,2;2;2;2;2;2;2;2
order-698,pinned-latest,reject,0,0,0,
order-698,immutable-pinned,correct,1,1,1,1;1;1;1;1;1;1;1
order-699,content-latest,wrong,1,0,0,2;2;2;2;2;2;2;2
order-699,attempt-latest,wrong,1,0,0,2;2;2;2;2;2;2;2
order-699,pinned-latest,reject,0,0,0,
order-699,immutable-pinned,correct,1,1,1,1;1;1;1;1;1;1;1
order-700,content-latest,wrong,1,0,0,2;2;2;2;2;2;2;2
order-700,attempt-latest,wrong,1,0,0,2;2;2;2;2;2;2;2
order-700,pinned-latest,reject,0,0,0,
order-700,immutable-pinned,correct,1,1,1,1;1;1;1;1;1;1;1
order-701,content-latest,wrong,1,0,0,2;2;2;2;2;2;2;2
order-701,attempt-latest,wrong,1,0,0,2;2;2;2;2;2;2;2
order-701,pinned-latest,reject,0,0,0,
order-701,immutable-pinned,correct,1,1,1,1;1;1;1;1;1;1;1
order-702,content-latest,wrong,1,0,0,2;2;2;2;2;2;2;2
order-702,attempt-latest,wrong,1,0,0,2;2;2;2;2;2;2;2
order-702,pinned-latest,reject,0,0,0,
order-702,immutable-pinned,correct,1,1,1,1;1;1;1;1;1;1;1
order-703,content-latest,wrong,1,0,0,2;2;2;2;2;2;2;2
order-703,attempt-latest,wrong,1,0,0,2;2;2;2;2;2;2;2
order-703,pinned-latest,reject,0,0,0,
order-703,immutable-pinned,correct,1,1,1,1;1;1;1;1;1;1;1
order-704,content-latest,wrong,1,0,0,2;2;2;2;2;2;2;2
order-704,attempt-latest,wrong,1,0,0,2;2;2;2;2;2;2;2
order-704,pinned-latest,reject,0,0,0,
order-704,immutable-pinned,correct,1,1,1,1;1;1;1;1;1;1;1
order-705,content-latest,correct,1,1,1,1;1;1;1;1;1;1;1
order-705,attempt-latest,correct,1,1,1,1;1;1;1;1;1;1;1
order-705,pinned-latest,correct,1,1,1,1;1;1;1;1;1;1;1
order-705,immutable-pinned,correct,1,1,1,1;1;1;1;1;1;1;1
order-706,content-latest,correct,1,1,1,1;1;1;1;1;1;1;1
order-706,attempt-latest,correct,1,1,1,1;1;1;1;1;1;1;1
order-706,pinned-latest,correct,1,1,1,1;1;1;1;1;1;1;1
order-706,immutable-pinned,correct,1,1,1,1;1;1;1;1;1;1;1
order-707,content-latest,correct,1,1,1,1;1;1;1;1;1;1;1
order-707,attempt-latest,correct,1,1,1,1;1;1;1;1;1;1;1
order-707,pinned-latest,correct,1,1,1,1;1;1;1;1;1;1;1
order-707,immutable-pinned,correct,1,1,1,1;1;1;1;1;1;1;1
order-708,content-latest,wrong,1,0,0,2;2;2;2;2;2;2;2
order-708,attempt-latest,wrong,1,0,0,2;2;2;2;2;2;2;2
order-708,pinned-latest,reject,0,0,0,
order-708,immutable-pinned,correct,1,1,1,1;1;1;1;1;1;1;1
order-709,content-latest,wrong,1,0,0,2;2;2;2;2;2;2;2
order-709,attempt-latest,wrong,1,0,0,2;2;2;2;2;2;2;2
order-709,pinned-latest,reject,0,0,0,
order-709,immutable-pinned,correct,1,1,1,1;1;1;1;1;1;1;1
order-710,content-latest,wrong,1,0,0,2;2;2;2;2;2;2;2
order-710,attempt-latest,wrong,1,0,0,2;2;2;2;2;2;2;2
order-710,pinned-latest,reject,0,0,0,
order-710,immutable-pinned,correct,1,1,1,1;1;1;1;1;1;1;1
order-711,content-latest,correct,1,1,1,1;1;1;1;1;1;1;1
order-711,attempt-latest,correct,1,1,1,1;1;1;1;1;1;1;1
order-711,pinned-latest,correct,1,1,1,1;1;1;1;1;1;1;1
order-711,immutable-pinned,correct,1,1,1,1;1;1;1;1;1;1;1
order-712,content-latest,correct,1,1,1,1;1;1;1;1;1;1;1
order-712,attempt-latest,correct,1,1,1,1;1;1;1;1;1;1;1
order-712,pinned-latest,correct,1,1,1,1;1;1;1;1;1;1;1
order-712,immutable-pinned,correct,1,1,1,1;1;1;1;1;1;1;1
order-713,content-latest,correct,1,1,1,1;1;1;1;1;1;1;1
order-713,attempt-latest,correct,1,1,1,1;1;1;1;1;1;1;1
order-713,pinned-latest,correct,1,1,1,1;1;1;1;1;1;1;1
order-713,immutable-pinned,correct,1,1,1,1;1;1;1;1;1;1;1
order-714,content-latest,correct,1,1,1,1;1;1;1;1;1;1;1
order-714,attempt-latest,correct,1,1,1,1;1;1;1;1;1;1;1
order-714,pinned-latest,correct,1,1,1,1;1;1;1;1;1;1;1
order-714,immutable-pinned,correct,1,1,1,1;1;1;1;1;1;1;1
order-715,content-latest,correct,1,1,1,1;1;1;1;1;1;1;1
order-715,attempt-latest,correct,1,1,1,1;1;1;1;1;1;1;1
order-715,pinned-latest,correct,1,1,1,1;1;1;1;1;1;1;1
order-715,immutable-pinned,correct,1,1,1,1;1;1;1;1;1;1;1
order-716,content-latest,correct,1,1,1,1;1;1;1;1;1;1;1
order-716,attempt-latest,correct,1,1,1,1;1;1;1;1;1;1;1
order-716,pinned-latest,correct,1,1,1,1;1;1;1;1;1;1;1
order-716,immutable-pinned,correct,1,1,1,1;1;1;1;1;1;1;1
order-717,content-latest,correct,1,1,1,1;1;1;1;1;1;1;1
order-717,attempt-latest,correct,1,1,1,1;1;1;1;1;1;1;1
order-717,pinned-latest,correct,1,1,1,1;1;1;1;1;1;1;1
order-717,immutable-pinned,correct,1,1,1,1;1;1;1;1;1;1;1
order-718,content-latest,correct,1,1,1,1;1;1;1;1;1;1;1
order-718,attempt-latest,correct,1,1,1,1;1;1;1;1;1;1;1
order-718,pinned-latest,correct,1,1,1,1;1;1;1;1;1;1;1
order-718,immutable-pinned,correct,1,1,1,1;1;1;1;1;1;1;1
order-719,content-latest,correct,1,1,1,1;1;1;1;1;1;1;1
order-719,attempt-latest,correct,1,1,1,1;1;1;1;1;1;1;1
order-719,pinned-latest,correct,1,1,1,1;1;1;1;1;1;1;1
order-719,immutable-pinned,correct,1,1,1,1;1;1;1;1;1;1;1
